,taxid,family,genus_species,helix_5_occupancy_75_max
3505,>2592383,Pleioneaceae,Aliikangiella/1-219 coralliicola,62.0
3523,>1125411,Fam_of_Candidatus/1-216 Pseudothioglobus,Candidatus Pseudothioglobus singularis,62.0
3539,>1078483,Pasteurellaceae,Haemophilus/1-220 sputorum,64.0
3547,>758,Pasteurellaceae,Rodentibacter/1-215 pneumotropicus,64.0
3568,>1908258,Pasteurellaceae,Rodentibacter/1-215 heidelbergensis,64.0
3593,>1908260,Pasteurellaceae,Rodentibacter/1-215 rarus,64.0
3596,>714,Pasteurellaceae,Aggregatibacter/1-215 actinomycetemcomitans,64.0
3611,>1839807,Cardiobacteriaceae,Rappaport/1-217 israeli,61.0
3615,>732,Pasteurellaceae,Aggregatibacter/1-215 aphrophilus,64.0
3654,>249188,Pasteurellaceae,Haemophilus/1-215 pittmaniae,64.0
3658,>189834,Pasteurellaceae,Actinobacillus/1-216 porcitonsillarum,64.0
3687,>739,Pasteurellaceae,Aggregatibacter/1-215 segnis,64.0
3731,>714,Pasteurellaceae,Aggregatibacter/1-215 actinomycetemcomitans,64.0
3751,>1908263,Pasteurellaceae,Rodentibacter/1-215 trehalosifermentans,64.0
3769,>1906745,Pasteurellaceae,Rodentibacter/1-215 ratti,64.0
3844,>2573093,Pasteurellaceae,Actinobacillus/1-226 vicugnae,64.0
3886,>364032,Piscirickettsiaceae,Sulfurivirga/1-213 caldicuralii,58.0
3893,>2778911,Pasteurellaceae,Rodentibacter/1-215 haemolyticus,64.0
3939,>2770636,Pasteurellaceae,Mannheimia/1-216 bovis,64.0
3941,>727,Pasteurellaceae,Haemophilus/1-215 influenzae,64.0
5206,>41202,Yersiniaceae,Ewingella/1-217 americana,61.0
5268,>1510574,Yersiniaceae,Rahnella/1-217 woolbedingensis,61.0
5269,>34038,Yersiniaceae,Rahnella/1-217 aquatilis,61.0
5963,>870,Cardiobacteriaceae,Dichelobacter/1-217 nodosus,61.0
5967,>151081,Pseudoalteromonadaceae,Pseudoalteromonas/1-220 ruthenica,65.0
5987,>1128911,Alteromonadaceae,Paraglaciecola/1-220 arctica,65.0
6005,>2905728,Corticoviridae,Corticovirus/1-220 PM2,65.0
6009,>1416627,Aeromonadaceae,Oceanisphaera/1-221 profunda,65.0
6016,>1510455,Alteromonadaceae,Agarivorans/1-221 litoreus,65.0
6020,>182262,Alteromonadaceae,Agarivorans/1-221 albus,65.0
6026,>2116700,Aeromonadaceae,Zobellella/1-221 endophytica,65.0
6048,>2905728,Corticoviridae,Corticovirus/1-221 PM2,65.0
6052,>1774956,Pseudoalteromonadaceae,Pseudoalteromonas/1-221 profundi,65.0
6055,>2774154,Pseudoalteromonadaceae,Pseudoalteromonas/1-221 ostreae,65.0
6056,>2905728,Corticoviridae,Corticovirus/1-221 PM2,65.0
6065,>1563703,Alteromonadaceae,Agarivorans/1-221 aestuarii,65.0
6070,>2017550,Aeromonadaceae,Oceanisphaera/1-221 marina,65.0
6095,>2818389,Aeromonadaceae,Oceanisphaera/1-221 pacifica,65.0
6114,>680279,Alteromonadaceae,Agarivorans/1-220 gilvus,65.0
6124,>368811,Chromatiaceae,Arsukibacterium/1-220 perlucidum,65.0
6128,>2905728,Corticoviridae,Corticovirus/1-221 PM2,65.0
6138,>2518973,Pseudoalteromonadaceae,Pseudoalteromonas/1-221 rhizosphaerae,65.0
6143,>1903694,Aeromonadaceae,Oceanisphaera/1-221 avium,65.0
6146,>2905728,Corticoviridae,Corticovirus/1-221 PM2,65.0
6153,>347535,Aeromonadaceae,Zobellella/1-221 taiwanensis,65.0
6166,>2831148,Alteromonadaceae,Paraneptunicella/1-220 aestuarii,65.0
6169,>1323745,Chromatiaceae,Arsukibacterium/1-220 tuosuense,65.0
6179,>2848612,Chromatiaceae,Arsukibacterium/1-220 indicum,65.0
6180,>2059724,Aeromonadaceae,Oceanimonas/1-221 marisflavi,65.0
6194,>336831,Chromatiaceae,Arsukibacterium/1-220 ikkense,65.0
6196,>1295565,Halomonadaceae,Larsenimonas/1-220 salina,65.0
6245,>226011,Alteromonadaceae,Aestuariibacter/1-221 halophilus,65.0
6256,>84158,Aeromonadaceae,Oceanimonas/1-221 doudoroffii,65.0
6260,>2048004,Alteromonadaceae,Alteromonas/1-220 facilis,65.0
6274,>1839807,Cardiobacteriaceae,Rappaport/1-218 israeli,61.0
6285,>264574,Aeromonadaceae,Oceanimonas/1-221 smirnovii,65.0
6288,>67576,Chromatiaceae,Rheinheimera/1-220 baltica,65.0
6292,>61150,Pseudoalteromonadaceae,Pseudoalteromonas/1-220 peptidolytica,65.0
6297,>552357,Shewanellaceae,Shewanella/1-220 fodinae,65.0
6304,>1628148,Chromatiaceae,Rheinheimera/1-220 salexigens,65.0
6310,>412437,Chromatiaceae,Rheinheimera/1-220 aquimaris,65.0
6314,>1851019,Halomonadaceae,Larsenimonas/1-220 suaedae,65.0
6324,>2569538,Ferrimonadaceae,Ferrimonas/1-221 sediminicola,65.0
6328,>2829809,Shewanellaceae,Shewanella/1-219 yunxiaonensis,65.0
6333,>485448,Colwelliaceae,Thalassomonas/1-219 haliotis,64.0
6334,>561966,Alteromonadaceae,Aliagarivorans/1-220 taiwanensis,65.0
6339,>561965,Alteromonadaceae,Aliagarivorans/1-220 marinus,65.0
6357,>364763,Ferrimonadaceae,Ferrimonas/1-220 kyonanensis,65.0
6359,>1834037,Chromatiaceae,Rheinheimera/1-220 riviphila,65.0
6360,>137584,Colwelliaceae,Thalassomonas/1-219 viridans,64.0
6365,>412034,Celerinatantimonadaceae,Celerinatantimonas/1-220 diazotrophica,65.0
6367,>657387,Halomonadaceae,Kushneria/1-220 phosphatilytica,64.0
6368,>306205,Chromatiaceae,Pararheinheimera/1-220 texasensis,65.0
6369,>2048003,Alteromonadaceae,Alteromonas/1-220 flava,65.0
6371,>2592383,Pleioneaceae,Aliikangiella/1-218 coralliicola,62.0
6379,>129578,Aeromonadaceae,Oceanimonas/1-221 baumannii,65.0
6380,>485447,Colwelliaceae,Thalassomonas/1-219 actiniarum,64.0
6382,>718193,Ferrimonadaceae,Ferrimonas/1-220 sediminum,65.0
6383,>575789,Idiomarinaceae,Pseudidiomarina/1-218 insulisalsae,62.0
6387,>1798183,Orbaceae,Gilliamella/1-219 intestini,64.0
6388,>226010,Alteromonadaceae,Aestuariibacter/1-219 salexigens,65.0
6391,>2234133,Alteromonadaceae,Algibacillus/1-219 agarilyticus,65.0
6407,>67855,Pasteurellaceae,Muribacter/1-222 muris,64.0
6408,>364764,Ferrimonadaceae,Ferrimonas/1-220 futtsuensis,65.0
6410,>2836180,Alteromonadaceae,Alteromonas/1-220 oceanisediminis,65.0
6414,>1123010,Pseudoalteromonadaceae,Pseudoalteromonas/1-221 denitrificans,65.0
6425,>1513271,Alteromonadaceae,Catenovulum/1-220 maritimum,65.0
6430,>2803813,Alteromonadaceae,Alteromonas/1-220 antoniana,65.0
6437,>2961572,Idiomarinaceae,Idiomarina/1-220 rhizosphaerae,65.0
6438,>1908521,Orbaceae,Gilliamella/1-219 bombi,64.0
6441,>634436,Alteromonadaceae,Marisediminitalea/1-220 aggregata,65.0
6443,>44012,Ferrimonadaceae,Ferrimonas/1-220 balearica,65.0
6444,>28161,Pasteurellaceae,Conservatibacter/1-219 flavescens,64.0
6446,>2582917,Enterobacteriaceae,Klebsiella/1-220 indica,65.0
6447,>1479524,Alteromonadaceae,Alteromonas/1-220 gracilis,65.0
6449,>1095768,Enterobacteriaceae,Phytobacter/1-220 massiliensis,65.0
6450,>263723,Idiomarinaceae,Idiomarina/1-220 fontislapidosi,65.0
6451,>190892,Idiomarinaceae,Idiomarina/1-220 baltica,65.0
6452,>2803815,Alteromonadaceae,Alteromonas/1-220 lipotrueiana,65.0
6453,>2478464,Enterobacteriaceae,Enterobacter/1-220 oligotrophicus,65.0
6454,>2696062,Alteromonadaceae,Alteromonas/1-220 profundi,65.0
6455,>233316,Alteromonadaceae,Alteromonas/1-220 stellipolaris,65.0
6457,>364198,Idiomarinaceae,Pseudidiomarina/1-218 homiensis,62.0
6459,>715451,Alteromonadaceae,Alteromonas/1-220 naphthalenivorans,65.0
6463,>2153354,Enterobacteriaceae,Klebsiella/1-220 huaxiensis,65.0
6465,>357233,Enterobacteriaceae,Siccibacter/1-220 turicensis,65.0
6466,>1032623,Pasteurellaceae,Otariodibacter/1-220 oris,64.0
6468,>550,Enterobacteriaceae,Enterobacter/1-220 cloacae,65.0
6469,>379893,Enterobacteriaceae,Trabulsiella/1-220 odontotermitis,65.0
6470,>211668,Colwelliaceae,Colwellia/1-219 piezophila,64.0
6471,>550,Enterobacteriaceae,Enterobacter/1-220 cloacae,65.0
6473,>2267621,Colwelliaceae,Candidatus/1-219 Colwellia aromaticivorans,64.0
6474,>566,Enterobacteriaceae,Pseudescherichia/1-221 vulneris,65.0
6476,>2797505,Enterobacteriaceae,Enterobacter/1-220 vonholyi,65.0
6477,>550,Enterobacteriaceae,Enterobacter/1-220 cloacae,65.0
6479,>550,Enterobacteriaceae,Enterobacter/1-220 cloacae,65.0
6480,>2487740,Idiomarinaceae,Pseudidiomarina/1-220 gelatinasegens,65.0
6481,>641841,Idiomarinaceae,Pseudidiomarina/1-218 aquimaris,62.0
6483,>431675,Idiomarinaceae,Pseudidiomarina/1-217 sediminum,62.0
6484,>505341,Pasteurellaceae,Gallibacterium/1-219 salpingitidis,64.0
6485,>1196095,Orbaceae,Gilliamella/1-219 apicola,64.0
6486,>1005994,Enterobacteriaceae,Trabulsiella/1-220 guamensis,65.0
6487,>1928574,Idiomarinaceae,Aliidiomarina/1-220 soli,65.0
6488,>502366,Idiomarinaceae,Pseudidiomarina/1-220 marina,65.0
6489,>2497875,Enterobacteriaceae,Enterobacter/1-220 chuandaensis,65.0
6491,>135577,Idiomarinaceae,Idiomarina/1-220 loihiensis,65.0
6493,>550,Enterobacteriaceae,Enterobacter/1-220 cloacae,65.0
6494,>61647,Enterobacteriaceae,Pluralibacter/1-220 gergoviae,65.0
6495,>2587528,Enterobacteriaceae,Klebsiella/1-220 spallanzanii,65.0
6500,>54736,Enterobacteriaceae,Salmonella/1-220 bongori,65.0
6503,>1646340,Enterobacteriaceae,Kosakonia/1-220 pseudosacchari,65.0
6504,>1267021,Orbaceae,Frischella/1-220 perrara,65.0
6505,>271160,Pasteurellaceae,Nicoletella/1-221 semolina,63.0
6506,>2994648,Enterobacteriaceae,Enterobacter/1-220 nematophilus,65.0
6507,>881260,Enterobacteriaceae,Enterobacter/1-220 bugandensis,65.0
6508,>2803814,Alteromonadaceae,Alteromonas/1-220 lipotrueae,65.0
6509,>299767,Enterobacteriaceae,Enterobacter/1-220 ludwigii,65.0
6511,>1938339,Alteromonadaceae,Alteromonas/1-220 aestuariivivens,65.0
6512,>584,Morganellaceae,Proteus/1-219 mirabilis,64.0
6515,>573,Enterobacteriaceae,Klebsiella/1-220 pneumoniae,65.0
6516,>2529380,Enterobacteriaceae,Kosakonia/1-220 quasisacchari,65.0
6517,>1892904,Alteromonadaceae,Alteromonas/1-220 abrolhosensis,65.0
6518,>551989,Enterobacteriaceae,Kosakonia/1-220 arachidis,65.0
6519,>573,Enterobacteriaceae,Klebsiella/1-220 pneumoniae,65.0
6520,>158877,Enterobacteriaceae,Yokenella/1-220 regensburgei,65.0
6521,>593135,Orbaceae,Orbus/1-219 hercynius,64.0
6522,>2722756,Pectobacteriaceae,Brenneria/1-221 izadpanahii,65.0
6524,>1158459,Enterobacteriaceae,Kosakonia/1-220 sacchari,65.0
6525,>28108,Alteromonadaceae,Alteromonas/1-220 macleodii,65.0
6529,>435908,Idiomarinaceae,Pseudidiomarina/1-221 salinarum,65.0
6530,>573,Enterobacteriaceae,Klebsiella/1-220 pneumoniae,65.0
6531,>2125989,Alteromonadaceae,Neptunicella/1-220 marina,65.0
6532,>571,Enterobacteriaceae,Klebsiella/1-220 oxytoca,65.0
6533,>2494702,Enterobacteriaceae,Enterobacter/1-220 huaxiensis,65.0
6536,>2529381,Enterobacteriaceae,Enterobacter/1-220 wuhouensis,65.0
6537,>539813,Enterobacteriaceae,Enterobacter/1-220 mori,65.0
6538,>2838947,Enterobacteriaceae,Enterobacter/1-220 quasimori,65.0
6541,>1505757,Enterobacteriaceae,Siccibacter/1-220 colletis,65.0
6542,>2479546,Vibrionaceae,Vibrio/1-219 zhugei,65.0
6545,>1435069,Vibrionaceae,Vibrio/1-219 tritonius,65.0
6546,>2364274,Alteromonadaceae,Ningiella/1-221 ruwaisensis,65.0
6548,>1267021,Orbaceae,Frischella/1-220 perrara,65.0
6549,>69218,Enterobacteriaceae,Enterobacter/1-220 cancerogenus,65.0
6550,>315421,Alteromonadaceae,Alteromonas/1-220 hispanica,65.0
6552,>2675054,Piscirickettsiaceae,Thiosulfatimonas/1-214 sediminis,59.0
6553,>1398493,Enterobacteriaceae,Pseudocitrobacter/1-220 faecalis,65.0
6554,>584,Morganellaceae,Proteus/1-219 mirabilis,64.0
6555,>1799789,Alteromonadaceae,Paraglaciecola/1-220 hydrolytica,65.0
6557,>1449799,Idiomarinaceae,Pseudidiomarina/1-217 halophila,62.0
6558,>2579935,Enterobacteriaceae,Jejubacter/1-220 calystegiae,65.0
6561,>300231,Alteromonadaceae,Glaciecola/1-220 nitratireducens,65.0
6562,>2488306,Enterobacteriaceae,Pseudocitrobacter/1-220 vendiensis,65.0
6564,>1517416,Idiomarinaceae,Pseudidiomarina/1-217 atlantica,62.0
6565,>1005665,Enterobacteriaceae,Kosakonia/1-220 oryzendophytica,65.0
6567,>123824,Pasteurellaceae,Frederiksenia/1-220 canicola,64.0
6568,>2891570,Enterobacteriaceae,Pseudocitrobacter/1-220 corydidari,65.0
6569,>1812935,Enterobacteriaceae,Enterobacter/1-220 roggenkampii,65.0
6570,>497725,Enterobacteriaceae,Kosakonia/1-220 oryzae,65.0
6572,>1982103,Colwelliaceae,Colwellia/1-214 echini,64.0
6573,>516698,Alteromonadaceae,Alteromonas/1-220 halophila,65.0
6574,>208223,Enterobacteriaceae,Kosakonia/1-220 cowanii,65.0
6575,>2720613,Alteromonadaceae,Alteromonas/1-221 ponticola,65.0
6577,>2913213,Enterobacteriaceae,Enterobacter/1-220 cloacae complex sp. ECC445,65.0
6578,>54291,Enterobacteriaceae,Raoultella/1-220 ornithinolytica,65.0
6579,>1755099,Enterobacteriaceae,Pseudenterobacter/1-220 timonensis,65.0
6580,>718192,Colwelliaceae,Litorilituus/1-219 sediminis,64.0
6581,>2815358,Enterobacteriaceae,Leclercia/1-220 pneumoniae,65.0
6582,>1529639,Enterobacteriaceae,Mangrovibacter/1-219 yixingensis,64.0
6583,>575,Enterobacteriaceae,Raoultella/1-220 planticola,65.0
6584,>2913213,Enterobacteriaceae,Enterobacter/1-220 cloacae complex sp. ECC445,65.0
6585,>1196095,Orbaceae,Gilliamella/1-219 apicola,64.0
6586,>584,Morganellaceae,Proteus/1-219 mirabilis,64.0
6587,>1740262,Alteromonadaceae,Catenovulum/1-220 sediminis,65.0
6588,>349064,Colwelliaceae,Thalassotalea/1-220 agarivorans,64.0
6589,>83655,Enterobacteriaceae,Leclercia/1-220 adecarboxylata,65.0
6590,>83655,Enterobacteriaceae,Leclercia/1-220 adecarboxylata,65.0
6591,>208962,Enterobacteriaceae,Escherichia/1-220 albertii,65.0
6595,>2925396,Enterobacteriaceae,Dryocola/1-221 clanedunensis,65.0
6596,>71388,Vibrionaceae,Vibrio/1-216 halioticoli,62.0
6597,>2497436,Enterobacteriaceae,Enterobacter/1-220 quasiroggenkampii,65.0
6598,>1463165,Enterobacteriaceae,Klebsiella/1-220 quasipneumoniae,65.0
6600,>2926469,Enterobacteriaceae,Silvania/1-220 hatchlandensis,65.0
6601,>573,Enterobacteriaceae,Klebsiella/1-220 pneumoniae,65.0
6602,>184072,Morganellaceae,Proteus/1-218 myxofaciens,64.0
6603,>471225,Alteromonadaceae,Alteromonas/1-220 genovensis,65.0
6604,>2827233,Pasteurellaceae,Pasteurella/1-220 atlantica,64.0
6605,>2022662,Enterobacteriaceae,Superficieibacter/1-220 electus,65.0
6606,>573,Enterobacteriaceae,Klebsiella/1-220 pneumoniae,65.0
6607,>548,Enterobacteriaceae,Klebsiella/1-220 aerogenes,65.0
6608,>546,Enterobacteriaceae,Citrobacter/1-220 freundii,65.0
6609,>89401,Colwelliaceae,Colwellia/1-219 demingiae,64.0
6610,>2071710,Enterobacteriaceae,Enterobacter/1-220 sichuanensis,65.0
6611,>2925397,Enterobacteriaceae,Dryocola/1-220 boscaweniae,65.0
6612,>577,Enterobacteriaceae,Raoultella/1-220 terrigena,65.0
6614,>67826,Enterobacteriaceae,Citrobacter/1-221 sedlakii,65.0
6615,>51288,Enterobacteriaceae,Kluyvera/1-220 ascorbata,65.0
6616,>73098,Enterobacteriaceae,Kluyvera/1-220 georgiana,65.0
6617,>261964,Kangiellaceae,Kangiella/1-220 koreensis,65.0
6618,>535744,Enterobacteriaceae,Cronobacter/1-220 universalis,65.0
6619,>413503,Enterobacteriaceae,Cronobacter/1-220 malonaticus,65.0
6620,>93378,Hafniaceae,Edwardsiella/1-221 hoshinae,65.0
6621,>1259973,Enterobacteriaceae,Raoultella/1-220 electrica,65.0
6624,>666,Vibrionaceae,Vibrio/1-220 cholerae,65.0
6625,>1691903,Enterobacteriaceae,Mangrovibacter/1-219 phragmitis,64.0
6626,>28141,Enterobacteriaceae,Cronobacter/1-220 sakazakii,65.0
6627,>562,Enterobacteriaceae,Escherichia/1-220 coli,65.0
6628,>2899544,Enterobacteriaceae,Intestinirhabdus/1-220 alba,65.0
6629,>1574161,Morganellaceae,Proteus/1-218 terrae,63.0
6630,>675874,Aeromonadaceae,Tolumonas/1-219 osonensis,65.0
6631,>562,Enterobacteriaceae,Escherichia/1-220 coli,65.0
6632,>562,Enterobacteriaceae,Escherichia/1-220 coli,65.0
6633,>519453,Idiomarinaceae,Pseudidiomarina/1-220 maritima,65.0
6634,>696485,Vibrionaceae,Vibrio/1-220 owensii,65.0
6635,>502365,Idiomarinaceae,Pseudidiomarina/1-220 tainanensis,65.0
6637,>546,Enterobacteriaceae,Citrobacter/1-220 freundii,65.0
6638,>666,Vibrionaceae,Vibrio/1-219 cholerae,65.0
6640,>1384589,Enterobacteriaceae,Entomohabitans/1-220 teleogrylli,65.0
6641,>1334193,Enterobacteriaceae,[Enterobacter]/1-220 lignolyticus,65.0
6642,>413502,Enterobacteriaceae,Cronobacter/1-220 turicensis,65.0
6643,>1908520,Orbaceae,Gilliamella/1-219 mensalis,64.0
6644,>28901,Enterobacteriaceae,Salmonella/1-220 enterica,65.0
6645,>2762229,Enterobacteriaceae,Escherichia/1-220 whittamii,65.0
6647,>1748967,Enterobacteriaceae,Citrobacter/1-220 cronae,65.0
6648,>546,Enterobacteriaceae,Citrobacter/1-220 freundii,65.0
6649,>1851514,Enterobacteriaceae,Scandinavium/1-220 goeteborgense,65.0
6650,>546,Enterobacteriaceae,Citrobacter/1-220 freundii,65.0
6652,>666,Vibrionaceae,Vibrio/1-220 cholerae,65.0
6653,>546,Enterobacteriaceae,Citrobacter/1-220 freundii,65.0
6654,>1639133,Enterobacteriaceae,Citrobacter/1-220 portucalensis,65.0
6655,>654686,Vibrionaceae,Vibrio/1-219 hippocampi,65.0
6656,>546,Enterobacteriaceae,Citrobacter/1-220 freundii,65.0
6657,>2303538,Alteromonadaceae,Salinimonas/1-221 sediminis,65.0
6658,>413501,Enterobacteriaceae,Cronobacter/1-220 muytjensii,65.0
6659,>2491017,Colwelliaceae,Litorilituus/1-219 lipolyticus,64.0
6660,>546,Enterobacteriaceae,Citrobacter/1-220 freundii,65.0
6661,>546,Enterobacteriaceae,Citrobacter/1-220 freundii,65.0
6662,>546,Enterobacteriaceae,Citrobacter/1-220 freundii,65.0
6663,>47735,Pasteurellaceae,Bibersteinia/1-222 trehalosi,64.0
6664,>28229,Colwelliaceae,Colwellia/1-214 psychrerythraea,64.0
6665,>1635327,Orbaceae,Zophobihabitans/1-220 entericus,65.0
6666,>2489010,Enterobacteriaceae,Klebsiella/1-220 africana,65.0
6667,>1561924,Kangiellaceae,Kangiella/1-220 profundi,65.0
6668,>2725494,Enterobacteriaceae,Kluyvera/1-220 sichuanensis,65.0
6669,>738,Pasteurellaceae,Glaesserella/1-220 parasuis,64.0
6670,>1005667,Enterobacteriaceae,Kosakonia/1-220 oryziphila,65.0
6671,>451513,Enterobacteriaceae,Mangrovibacter/1-219 plantisponsor,64.0
6673,>738,Pasteurellaceae,Glaesserella/1-220 parasuis,64.0
6675,>573,Enterobacteriaceae,Klebsiella/1-220 pneumoniae,65.0
6677,>2573093,Pasteurellaceae,Actinobacillus/1-222 vicugnae,64.0
6678,>1487935,Hafniaceae,Enterobacillus/1-221 tribolii,65.0
6679,>462991,Vibrionaceae,Vibrio/1-219 hangzhouensis,65.0
6680,>580,Enterobacteriaceae,Kluyvera/1-220 cryocrescens,65.0
6681,>914153,Alteromonadaceae,Salinimonas/1-221 lutimaris,65.0
6682,>326537,Colwelliaceae,Colwellia/1-213 polaris,64.0
6683,>641665,Colwelliaceae,Colwellia/1-218 chukchiensis,64.0
6684,>552,Erwiniaceae,Erwinia/1-220 amylovora,65.0
6685,>29497,Vibrionaceae,Vibrio/1-219 splendidus,65.0
6686,>136468,Vibrionaceae,Vibrio/1-219 lentus,65.0
6687,>189834,Pasteurellaceae,Actinobacillus/1-222 porcitonsillarum,64.0
6688,>2552946,Enterobacteriaceae,Cedecea/1-220 colo,65.0
6690,>2777577,Vibrionaceae,Vibrio/1-219 bathopelagicus,65.0
6691,>2926521,Enterobacteriaceae,Scandinavium/1-220 tedordense,65.0
6693,>563,Enterobacteriaceae,Shimwellia/1-220 blattae,65.0
6694,>2050967,Morganellaceae,Proteus/1-218 faecis,63.0
6695,>730,Pasteurellaceae,[Haemophilus]/1-220 ducreyi,64.0
6696,>278860,Vibrionaceae,Vibrio/1-216 neonatus,62.0
6697,>666,Vibrionaceae,Vibrio/1-219 cholerae,65.0
6698,>1676683,Vibrionaceae,Vibrio/1-219 barjaei,65.0
6700,>82988,Enterobacteriaceae,Buttiauxella/1-220 brennerae,65.0
6701,>666,Vibrionaceae,Vibrio/1-219 cholerae,65.0
6702,>170679,Vibrionaceae,Vibrio/1-219 chagasii,65.0
6704,>2562449,Enterobacteriaceae,Citrobacter/1-220 tructae,65.0
6705,>2926470,Enterobacteriaceae,Silvania/1-220 confinis,65.0
6706,>28229,Colwelliaceae,Colwellia/1-219 psychrerythraea,64.0
6707,>1243014,Vibrionaceae,Vibrio/1-219 thalassae,65.0
6708,>546,Enterobacteriaceae,Citrobacter/1-220 freundii,65.0
6709,>2050966,Morganellaceae,Proteus/1-218 cibi,63.0
6710,>1196095,Orbaceae,Gilliamella/1-219 apicola,64.0
6711,>61646,Enterobacteriaceae,Lelliottia/1-220 amnigena,65.0
6712,>67825,Enterobacteriaceae,Citrobacter/1-220 rodentium,65.0
6713,>2926519,Enterobacteriaceae,Scandinavium/1-220 hiltneri,65.0
6714,>1973495,Morganellaceae,Proteus/1-218 alimentorum,63.0
6715,>750,Pasteurellaceae,Gallibacterium/1-219 anatis,64.0
6717,>208223,Enterobacteriaceae,Kosakonia/1-220 cowanii,65.0
6718,>2047966,Aeromonadaceae,Dongshaea/1-220 marina,65.0
6719,>1516159,Vibrionaceae,Vibrio/1-219 coralliirubri,65.0
6720,>2926520,Enterobacteriaceae,Scandinavium/1-220 manionii,65.0
6721,>1331689,Pasteurellaceae,Ursidibacter/1-220 maritimus,64.0
6722,>1987580,Morganellaceae,Proteus/1-218 columbae,63.0
6723,>71656,Pectobacteriaceae,Brenneria/1-221 alni,65.0
6724,>261965,Kangiellaceae,Kangiella/1-220 aquimarina,65.0
6725,>2614830,Idiomarinaceae,Pseudidiomarina/1-218 piscicola,62.0
6727,>446372,Vibrionaceae,Vibrio/1-219 celticus,65.0
6728,>1509241,Pectobacteriaceae,Brenneria/1-220 roseae,65.0
6729,>35703,Enterobacteriaceae,Citrobacter/1-220 amalonaticus,65.0
6730,>552386,Vibrionaceae,Vibrio/1-215 gallaecicus,65.0
6731,>82991,Enterobacteriaceae,Buttiauxella/1-220 izardii,65.0
6732,>546,Enterobacteriaceae,Citrobacter/1-220 freundii,65.0
6734,>69220,Enterobacteriaceae,Lelliottia/1-220 nimipressuralis,65.0
6736,>51047,Pasteurellaceae,Actinobacillus/1-222 minor,64.0
6737,>82977,Enterobacteriaceae,Buttiauxella/1-220 agrestis,65.0
6738,>1163710,Enterobacteriaceae,Cronobacter/1-220 condimenti,65.0
6739,>299255,Ferrimonadaceae,Ferrimonas/1-221 marina,65.0
6740,>2871826,Enterobacteriaceae,Symbiopectobacterium/1-221 purcellii,65.0
6742,>1918946,Vibrionaceae,Vibrio/1-219 palustris,65.0
6743,>82990,Enterobacteriaceae,Buttiauxella/1-220 gaviniae,65.0
6744,>82992,Enterobacteriaceae,Buttiauxella/1-220 noackiae,65.0
6745,>666,Vibrionaceae,Vibrio/1-220 cholerae,65.0
6746,>2831590,Enterobacteriaceae,Buttiauxella/1-220 massiliensis,65.0
6748,>1967665,Colwelliaceae,Cognaticolwellia/1-213 beringensis,64.0
6749,>255519,Enterobacteriaceae,Atlantibacter/1-220 subterranea,65.0
6750,>569,Hafniaceae,Hafnia/1-221 alvei,65.0
6751,>82983,Hafniaceae,Obesumbacterium/1-221 proteus,65.0
6752,>1354256,Enterobacteriaceae,Buttiauxella/1-220 warmboldiae,65.0
6753,>67824,Enterobacteriaceae,Citrobacter/1-220 farmeri,65.0
6754,>2853256,Erwiniaceae,Erwinia/1-220 phyllosphaerae,65.0
6755,>668,Vibrionaceae,Aliivibrio/1-219 fischeri,65.0
6756,>158484,Enterobacteriaceae,Cedecea/1-220 davisae,65.0
6757,>1283284,Aeromonadaceae,Tolumonas/1-219 lignilytica,65.0
6758,>1481923,Vibrionaceae,Vibrio/1-219 astriarenae,65.0
6760,>1207039,Fam_of_Gallaecimonas,Gallaecimonas/1-220 xiamenensis,65.0
6761,>97481,Pasteurellaceae,Pasteurella/1-220 skyensis,64.0
6762,>666,Vibrionaceae,Vibrio/1-220 cholerae,65.0
6763,>158822,Enterobacteriaceae,Cedecea/1-220 neteri,65.0
6764,>55211,Erwiniaceae,Erwinia/1-220 persicina,65.0
6765,>2304625,Colwelliaceae,Colwellia/1-219 ponticola,64.0
6766,>357240,Enterobacteriaceae,Franconibacter/1-220 helveticus,65.0
6768,>82977,Enterobacteriaceae,Buttiauxella/1-220 agrestis,65.0
6769,>43948,Aeromonadaceae,Tolumonas/1-219 auensis,65.0
6770,>183417,Morganellaceae,Proteus/1-219 hauseri,64.0
6772,>1159017,Idiomarinaceae,Pseudidiomarina/1-220 indica,65.0
6773,>885040,Enterobacteriaceae,Enterobacter/1-220 soli,65.0
6774,>2183582,Alteromonadaceae,Saliniradius/1-219 amylolyticus,65.0
6775,>1295392,Vibrionaceae,Photobacterium/1-218 gaetbulicola,64.0
6776,>570012,Enterobacteriaceae,Shimwellia/1-220 pseudoproteus,65.0
6777,>69222,Erwiniaceae,Erwinia/1-220 mallotivora,65.0
6779,>636,Hafniaceae,Edwardsiella/1-221 tarda,65.0
6780,>2878098,Pectobacteriaceae,Pectobacterium/1-220 colocasium,65.0
6781,>68334,Erwiniaceae,Erwinia/1-220 aphidicola,65.0
6782,>670,Vibrionaceae,Vibrio/1-216 parahaemolyticus,65.0
6783,>1524965,Pasteurellaceae,Ursidibacter/1-220 arcticus,64.0
6784,>1443036,Pasteurellaceae,Vespertiliibacter/1-220 pulmonis,64.0
6785,>296199,Vibrionaceae,Vibrio/1-219 gigantis,65.0
6786,>1109412,Pectobacteriaceae,Brenneria/1-221 goodwinii,65.0
6787,>565,Enterobacteriaceae,Atlantibacter/1-220 hermannii,65.0
6788,>158823,Enterobacteriaceae,Cedecea/1-220 lapagei,65.0
6789,>2080838,Enterobacteriaceae,Lelliottia/1-220 aquatilis,65.0
6791,>198832,Vibrionaceae,Vibrio/1-219 pomeroyi,65.0
6792,>69224,Erwiniaceae,Erwinia/1-220 psidii,65.0
6793,>2893468,Vibrionaceae,Vibrio/1-219 gelatinilyticus,65.0
6795,>1465635,Erwiniaceae,Pantoea/1-220 coffeiphila,65.0
6796,>666,Vibrionaceae,Vibrio/1-220 cholerae,65.0
6797,>2164068,Alteromonadaceae,Alginatibacterium/1-220 sediminis,65.0
6800,>357240,Enterobacteriaceae,Franconibacter/1-220 helveticus,65.0
6801,>65700,Erwiniaceae,Erwinia/1-220 tracheiphila,65.0
6803,>29494,Vibrionaceae,Vibrio/1-219 furnissii,65.0
6804,>1858656,Alteromonadaceae,Alteromonas/1-221 pelagimontana,65.0
6805,>212667,Vibrionaceae,Vibrio/1-219 fortis,65.0
6806,>519452,Idiomarinaceae,Pseudidiomarina/1-220 donghaiensis,65.0
6808,>1381080,Idiomarinaceae,Pseudidiomarina/1-220 woesei,65.0
6809,>1234606,Alteromonadaceae,Gayadomonas/1-219 joobiniege,65.0
6810,>512650,Vibrionaceae,Vibrio/1-220 sagamiensis,65.0
6811,>67780,Hafniaceae,Edwardsiella/1-221 ictaluri,65.0
6812,>636,Hafniaceae,Edwardsiella/1-221 tarda,65.0
6813,>55212,Erwiniaceae,Erwinia/1-220 rhapontici,65.0
6814,>252393,Erwiniaceae,Candidatus/1-220 Erwinia dacicola,65.0
6815,>666,Vibrionaceae,Vibrio/1-220 cholerae,65.0
6817,>634500,Erwiniaceae,Erwinia/1-220 billingiae,65.0
6818,>2527672,Vibrionaceae,Vibrio/1-220 chemaguriensis,65.0
6819,>546367,Hafniaceae,Hafnia/1-220 paralvei,65.0
6821,>990271,Vibrionaceae,Vibrio/1-219 variabilis,65.0
6822,>413497,Enterobacteriaceae,Cronobacter/1-220 dublinensis,65.0
6823,>1074311,Vibrionaceae,Vibrio/1-216 alfacsensis,65.0
6826,>636,Hafniaceae,Edwardsiella/1-221 tarda,65.0
6827,>754,Pasteurellaceae,Pasteurella/1-219 dagmatis,64.0
6828,>1796644,Pasteurellaceae,Pasteurella/1-221 caecimuris,64.0
6832,>2572245,Colwelliaceae,Thalassotalea/1-219 mangrovi,64.0
6833,>2815733,Enterobacteriaceae,Tenebrionicola/1-220 larvae,65.0
6834,>566293,Vibrionaceae,Aliivibrio/1-219 sifiae,65.0
6836,>554,Pectobacteriaceae,Pectobacterium/1-220 carotovorum,65.0
6837,>56807,Alteromonadaceae,Glaciecola/1-220 pallidula,65.0
6838,>1906744,Pasteurellaceae,Rodentibacter/1-221 heylii,64.0
6839,>666,Vibrionaceae,Vibrio/1-219 cholerae,65.0
6840,>357794,Psychromonadaceae,Psychromonas/1-218 ingrahamii,65.0
6841,>796334,Erwiniaceae,Erwinia/1-220 oleae,65.0
6843,>1004159,Morganellaceae,Photorhabdus/1-219 tasmaniensis,64.0
6844,>1563158,Erwiniaceae,Erwinia/1-220 endophytica,65.0
6845,>666,Vibrionaceae,Vibrio/1-219 cholerae,65.0
6846,>1908263,Pasteurellaceae,Rodentibacter/1-221 trehalosifermentans,64.0
6847,>55213,Pectobacteriaceae,Brenneria/1-219 rubrifaciens,65.0
6848,>2847292,Vibrionaceae,Vibrio/1-219 amylolyticus,65.0
6849,>2034769,Pectobacteriaceae,Pectobacterium/1-220 zantedeschiae,65.0
6850,>666,Vibrionaceae,Vibrio/1-219 cholerae,65.0
6853,>2774015,Pectobacteriaceae,Pectobacterium/1-220 quasiaquaticum,65.0
6854,>2339259,Yersiniaceae,Yersinia/1-221 hibernica,65.0
6855,>2034155,Yersiniaceae,Serratia/1-221 oryzae,65.0
6856,>630,Yersiniaceae,Yersinia/1-221 enterocolitica,65.0
6860,>676,Vibrionaceae,Vibrio/1-215 fluvialis,65.0
6861,>666,Vibrionaceae,Vibrio/1-219 cholerae,65.0
6862,>2607663,Yersiniaceae,Yersinia/1-221 canariae,65.0
6863,>1908260,Pasteurellaceae,Rodentibacter/1-221 rarus,64.0
6864,>2770636,Pasteurellaceae,Mannheimia/1-222 bovis,64.0
6865,>666,Vibrionaceae,Vibrio/1-219 cholerae,65.0
6866,>2890315,Yersiniaceae,Yersinia/1-221 artesiana,65.0
6867,>1266052,Pseudoalteromonadaceae,Psychrosphaera/1-220 aestuarii,65.0
6868,>2890316,Yersiniaceae,Yersinia/1-221 proxima,65.0
6870,>29471,Pectobacteriaceae,Pectobacterium/1-220 atrosepticum,65.0
6871,>28169,Vibrionaceae,Vibrio/1-219 pelagius,65.0
6872,>880157,Morganellaceae,Xenorhabdus/1-219 khoisanae,64.0
6873,>29488,Morganellaceae,Photorhabdus/1-219 luminescens,64.0
6874,>1906745,Pasteurellaceae,Rodentibacter/1-221 ratti,64.0
6875,>1505866,Orbaceae,Candidatus/1-220 Schmidhempelia bombi,65.0
6876,>2066479,Pectobacteriaceae,Pectobacterium/1-220 peruviense,65.0
6877,>758,Pasteurellaceae,Rodentibacter/1-221 pneumotropicus,64.0
6878,>351671,Morganellaceae,Xenorhabdus/1-219 doucetiae,64.0
6879,>1908258,Pasteurellaceae,Rodentibacter/1-221 heidelbergensis,64.0
6880,>2729140,Alteromonadaceae,Salinimonas/1-220 profundi,65.0
6881,>249188,Pasteurellaceae,Haemophilus/1-219 pittmaniae,64.0
6882,>1123042,Morganellaceae,Photorhabdus/1-219 stackebrandtii,64.0
6883,>338565,Erwiniaceae,Erwinia/1-220 tasmaniensis,65.0
6884,>371042,Erwiniaceae,Erwinia/1-220 typographi,65.0
6885,>691,Vibrionaceae,Vibrio/1-216 natriegens,65.0
6887,>554,Pectobacteriaceae,Pectobacterium/1-221 carotovorum,65.0
6888,>2572577,Alteromonadaceae,Salinimonas/1-220 iocasae,65.0
6889,>78398,Pectobacteriaceae,Pectobacterium/1-221 odoriferum,65.0
6890,>2204145,Pectobacteriaceae,Pectobacterium/1-221 aquaticum,65.0
6891,>2200953,Vibrionaceae,Vibrio/1-219 albus,65.0
6892,>2488639,Pectobacteriaceae,Pectobacterium/1-221 versatile,65.0
6893,>2890319,Yersiniaceae,Yersinia/1-221 thracica,65.0
6895,>79967,Erwiniaceae,Erwinia/1-220 pyrifoliae,65.0
6897,>2914984,Pectobacteriaceae,Brenneria/1-220 tiliae,65.0
6898,>2590031,Pectobacteriaceae,Affinibrenneria/1-221 salicis,65.0
6899,>512649,Vibrionaceae,Vibrio/1-220 azureus,65.0
6901,>1288385,Yersiniaceae,Yersinia/1-220 pekkanenii,65.0
6903,>632,Yersiniaceae,Yersinia/1-221 pestis,65.0
6904,>29483,Yersiniaceae,Yersinia/1-221 aldovae,65.0
6907,>511998,Vibrionaceae,Aliivibrio/1-219 finisterrensis,65.0
6908,>160434,Pectobacteriaceae,Samsonia/1-220 erythrinae,65.0
6909,>28152,Yersiniaceae,Yersinia/1-221 kristensenii,65.0
6910,>693153,Vibrionaceae,Vibrio/1-219 atlanticus,65.0
6912,>2789781,Vibrionaceae,Vibrio/1-219 nitrifigilis,65.0
6913,>82981,Budviciaceae,Leminorella/1-221 grimontii,65.0
6915,>2697027,Bruguierivoracaceae,Sodalis/1-221 ligni,65.0
6916,>212663,Vibrionaceae,Vibrio/1-219 tasmaniensis,65.0
6917,>554,Pectobacteriaceae,Pectobacterium/1-221 carotovorum,65.0
6918,>55207,Pectobacteriaceae,Pectobacterium/1-220 betavasculorum,65.0
6920,>666,Vibrionaceae,Vibrio/1-219 cholerae,65.0
6921,>180957,Pectobacteriaceae,Pectobacterium/1-221 brasiliense,65.0
6922,>2946865,Vibrionaceae,Vibrio/1-219 sinus,65.0
6924,>729,Pasteurellaceae,Haemophilus/1-221 parainfluenzae,64.0
6925,>446374,Vibrionaceae,Vibrio/1-219 artabrorum,65.0
6926,>1507808,Pectobacteriaceae,Pectobacterium/1-221 actinidiae,65.0
6931,>615,Yersiniaceae,Serratia/1-221 marcescens,65.0
6932,>85404,Pasteurellaceae,Mannheimia/1-222 varigena,64.0
6933,>722,Pasteurellaceae,Actinobacillus/1-215 seminis,64.0
6934,>351672,Morganellaceae,Xenorhabdus/1-219 griffiniae,64.0
6935,>615,Yersiniaceae,Serratia/1-221 marcescens,65.0
6936,>2726741,Vibrionaceae,Vibrio/1-219 agarilyticus,65.0
6937,>1175631,Pectobacteriaceae,Pectobacterium/1-221 wasabiae,65.0
6938,>1076549,Erwiniaceae,Pantoea/1-220 rodasii,65.0
6939,>615,Yersiniaceae,Serratia/1-221 marcescens,65.0
6940,>300181,Yersiniaceae,Serratia/1-221 ureilytica,65.0
6942,>1544695,Erwiniaceae,Rosenbergiella/1-221 collisarenosi,65.0
6943,>1071947,Pasteurellaceae,Pasteurella/1-215 oralis,64.0
6944,>57911,Morganellaceae,Candidatus/1-219 Arsenophonus triatominarum,64.0
6945,>75985,Pasteurellaceae,Mannheimia/1-222 haemolytica,64.0
6946,>2485124,Pectobacteriaceae,Pectobacterium/1-221 polonicum,65.0
6947,>615,Yersiniaceae,Serratia/1-221 marcescens,65.0
6948,>624146,Idiomarinaceae,Pseudidiomarina/1-220 aestuarii,65.0
6949,>146806,Pasteurellaceae,Phocoenobacter/1-220 uteri,64.0
6950,>2108399,Pectobacteriaceae,Pectobacterium/1-221 punjabense,65.0
6951,>588,Morganellaceae,Providencia/1-218 stuartii,63.0
6952,>1216040,Vibrionaceae,Vibrio/1-219 marisflavi,65.0
6953,>1367852,Erwiniaceae,Izhakiella/1-220 capsodis,65.0
6954,>1907939,Pasteurellaceae,Rodentibacter/1-221 myodis,64.0
6955,>935293,Yersiniaceae,Yersinia/1-221 entomophaga,65.0
6958,>349967,Yersiniaceae,Yersinia/1-221 mollaretii,65.0
6959,>733,Pasteurellaceae,Canicola/1-219 haemoglobinophilus,64.0
6960,>665097,Erwiniaceae,Erwinia/1-220 piriflorinigrans,65.0
6961,>2558042,Pectobacteriaceae,Pectobacterium/1-221 fontis,65.0
6964,>351675,Morganellaceae,Xenorhabdus/1-219 mauleonii,64.0
6966,>104609,Vibrionaceae,Vibrio/1-219 penaeicida,65.0
6968,>92488,Erwiniaceae,Pantoea/1-220 endophytica,65.0
6969,>71656,Pectobacteriaceae,Brenneria/1-220 alni,65.0
6970,>2778911,Pasteurellaceae,Rodentibacter/1-221 haemolyticus,64.0
6972,>674,Vibrionaceae,Vibrio/1-219 mimicus,65.0
6974,>638,Morganellaceae,Arsenophonus/1-219 nasoniae,64.0
6975,>628,Morganellaceae,Xenorhabdus/1-219 nematophila,64.0
6976,>632,Yersiniaceae,Yersinia/1-221 pestis,65.0
6977,>516075,Morganellaceae,Providencia/1-218 sneebia,63.0
6979,>230089,Morganellaceae,Photorhabdus/1-219 thracensis,64.0
6981,>158849,Morganellaceae,Moellerella/1-219 wisconsensis,64.0
6982,>28173,Vibrionaceae,Vibrio/1-219 nigripulchritudo,65.0
6983,>549,Erwiniaceae,Pantoea/1-220 agglomerans,65.0
6984,>29485,Yersiniaceae,Yersinia/1-221 rohdei,65.0
6985,>614,Yersiniaceae,Serratia/1-221 liquefaciens,65.0
6986,>55214,Pectobacteriaceae,Brenneria/1-220 salicis,65.0
6987,>1481663,Vibrionaceae,Vibrio/1-219 metoecus,65.0
6988,>1926881,Erwiniaceae,Izhakiella/1-220 australiensis,65.0
6989,>634113,Morganellaceae,Candidatus/1-219 Arsenophonus lipoptenae,65.0
6990,>1778540,Pectobacteriaceae,Dickeya/1-221 fangzhongdai,65.0
6991,>2014742,Vibrionaceae,Vibrio/1-219 tarriae,65.0
6992,>1905730,Pectobacteriaceae,Pectobacterium/1-221 parmentieri,65.0
6993,>50718,Vibrionaceae,Vibrio/1-220 mytili,65.0
6994,>69221,Pectobacteriaceae,Pectobacterium/1-220 cacticida,65.0
6995,>1076551,Erwiniaceae,Pantoea/1-220 wallisii,65.0
6996,>138074,Yersiniaceae,Serratia/1-220 symbiotica,65.0
6997,>351674,Morganellaceae,Xenorhabdus/1-219 miraniensis,64.0
6998,>28151,Yersiniaceae,Serratia/1-221 proteamaculans,65.0
6999,>52443,Vibrionaceae,Vibrio/1-219 tapetis,65.0
7000,>1117707,Vibrionaceae,Vibrio/1-215 quintilis,65.0
7001,>1639108,Yersiniaceae,Chania/1-221 multitudinisentens,65.0
7002,>92172,Vibrionaceae,Vibrio/1-215 aerogenes,65.0
7003,>1400001,Pasteurellaceae,Necropsobacter/1-215 massiliensis,64.0
7004,>290109,Morganellaceae,Xenorhabdus/1-219 innexi,64.0
7005,>666,Vibrionaceae,Vibrio/1-219 cholerae,65.0
7006,>29484,Yersiniaceae,Yersinia/1-221 frederiksenii,65.0
7007,>1324864,Erwiniaceae,[Pantoea]/1-221 beijingensis,65.0
7008,>675,Vibrionaceae,Vibrio/1-215 cincinnatiensis,65.0
7009,>2487133,Idiomarinaceae,Pseudidiomarina/1-219 mangrovi,63.0
7010,>92490,Erwiniaceae,Erwinia/1-220 toletana,65.0
7011,>55209,Erwiniaceae,Pantoea/1-220 cypripedii,65.0
7013,>632,Yersiniaceae,Yersinia/1-221 pestis,65.0
7014,>153622,Vibrionaceae,Vibrio/1-219 agarivorans,65.0
7015,>85402,Pasteurellaceae,Mannheimia/1-222 granulomatis,64.0
7016,>1873484,Morganellaceae,Xenorhabdus/1-219 thuongxuanensis,64.0
7018,>2042057,Pectobacteriaceae,Pectobacterium/1-221 polaris,65.0
7019,>1560201,Erwiniaceae,Erwinia/1-220 iniecta,65.0
7020,>137545,Yersiniaceae,Serratia/1-221 quinivorans,65.0
7021,>1089444,Pectobacteriaceae,Dickeya/1-221 solani,65.0
7022,>1763883,Vibrionaceae,Vibrio/1-214 cidicii,64.0
7023,>2978220,Erwiniaceae,Winslowiella/1-220 arboricola,65.0
7024,>584787,Fam_of_Gallaecimonas,Gallaecimonas/1-220 pentaromativorans,65.0
7025,>634,Yersiniaceae,Yersinia/1-221 bercovieri,65.0
7026,>29495,Vibrionaceae,Vibrio/1-214 navarrensis,64.0
7028,>82995,Yersiniaceae,Serratia/1-221 grimesii,65.0
7029,>723,Pasteurellaceae,Actinobacillus/1-222 ureae,64.0
7030,>1247023,Morganellaceae,Candidatus/1-219 Arsenophonus nilaparvatae,64.0
7031,>1034471,Morganellaceae,Xenorhabdus/1-219 ishibashii,64.0
7033,>1577887,Pectobacteriaceae,Dickeya/1-221 undicola,65.0
7034,>1076550,Erwiniaceae,Pantoea/1-220 rwandensis,65.0
7035,>419257,Yersiniaceae,Yersinia/1-221 massiliensis,65.0
7036,>747,Pasteurellaceae,Pasteurella/1-215 multocida,64.0
7037,>263819,Yersiniaceae,Yersinia/1-221 aleksiciae,65.0
7038,>1615494,Erwiniaceae,Mixta/1-221 intestinalis,65.0
7039,>2872648,Erwiniaceae,Mixta/1-220 hanseatica,65.0
7040,>2259638,Pectobacteriaceae,Dickeya/1-221 lacustris,65.0
7041,>367190,Yersiniaceae,Yersinia/1-221 similis,65.0
7042,>988801,Erwiniaceae,Rosenbergiella/1-221 nectarea,65.0
7043,>665913,Erwiniaceae,Mixta/1-221 calida,65.0
7044,>1240404,Pectobacteriaceae,Dickeya/1-221 oryzae,65.0
7045,>2161819,Erwiniaceae,[Erwinia]/1-220 mediterraneensis,65.0
7046,>716,Pasteurellaceae,Actinobacillus/1-222 suis,64.0
7047,>47917,Yersiniaceae,Serratia/1-220 fonticola,65.0
7048,>53341,Morganellaceae,Xenorhabdus/1-219 japonica,64.0
7049,>1891675,Erwiniaceae,Pantoea/1-220 alhagi,65.0
7050,>290111,Morganellaceae,Xenorhabdus/1-219 ehlersii,64.0
7051,>1082704,Pectobacteriaceae,Lonsdalea/1-220 britannica,65.0
7052,>2884250,Pectobacteriaceae,Musicola/1-221 keenii,65.0
7053,>1763536,Colwelliaceae,Thalassotalea/1-219 crassostreae,64.0
7054,>204039,Pectobacteriaceae,Dickeya/1-221 dianthicola,65.0
7055,>685706,Yersiniaceae,Yersinia/1-221 nurmii,65.0
7057,>265425,Alteromonadaceae,Salinimonas/1-220 chungwhensis,65.0
7059,>1393735,Morganellaceae,Photorhabdus/1-219 temperata,64.0
7060,>29486,Yersiniaceae,Yersinia/1-221 ruckeri,65.0
7062,>2562439,Erwiniaceae,Mixta/1-221 tenebrionis,65.0
7063,>672,Vibrionaceae,Vibrio/1-214 vulnificus,64.0
7064,>69223,Pectobacteriaceae,Musicola/1-221 paradisiaca,65.0
7066,>615,Yersiniaceae,Serratia/1-221 marcescens,65.0
7067,>351656,Morganellaceae,Xenorhabdus/1-219 vietnamensis,64.0
7068,>666,Vibrionaceae,Vibrio/1-214 cholerae,64.0
7069,>2597702,Yersiniaceae,Serratia/1-221 rhizosphaerae,65.0
7070,>568768,Pectobacteriaceae,Dickeya/1-221 poaceiphila,65.0
7072,>2487322,Vibrionaceae,Vibrio/1-219 viridaestus,65.0
7073,>204038,Pectobacteriaceae,Dickeya/1-221 dadantii,65.0
7074,>204042,Pectobacteriaceae,Dickeya/1-221 zeae,65.0
7075,>2020715,Colwelliaceae,Thalassotalea/1-217 litorea,64.0
7076,>735,Pasteurellaceae,Haemophilus/1-220 parahaemolyticus,64.0
7077,>631,Yersiniaceae,Yersinia/1-221 intermedia,65.0
7078,>290112,Morganellaceae,Xenorhabdus/1-219 szentirmaii,64.0
7079,>588,Morganellaceae,Providencia/1-218 stuartii,63.0
7080,>190897,Vibrionaceae,Vibrio/1-216 gallicus,62.0
7082,>718,Pasteurellaceae,Actinobacillus/1-222 equuli,64.0
7084,>736,Pasteurellaceae,Haemophilus/1-220 paraphrohaemolyticus,64.0
7086,>549,Erwiniaceae,Pantoea/1-221 agglomerans,65.0
7088,>82985,Budviciaceae,Pragia/1-221 fontium,65.0
7089,>1544694,Erwiniaceae,Rosenbergiella/1-221 epipactidis,65.0
7090,>2738837,Budviciaceae,Insectihabitans/1-221 xujianqingii,65.0
7091,>252583,Vibrionaceae,Vibrio/1-216 ezurae,62.0
7092,>628,Morganellaceae,Xenorhabdus/1-219 nematophila,64.0
7093,>71657,Pectobacteriaceae,Lonsdalea/1-220 quercina,65.0
7094,>2498113,Budviciaceae,Jinshanibacter/1-221 zhutongyuii,65.0
7095,>2726987,Erwiniaceae,Rosenbergiella/1-221 gaditana,65.0
7096,>1082703,Pectobacteriaceae,Lonsdalea/1-220 iberica,65.0
7097,>2921185,Erwiniaceae,Rosenbergiella/1-221 metrosideri,65.0
7098,>753,Pasteurellaceae,Pasteurella/1-215 canis,64.0
7099,>40577,Morganellaceae,Xenorhabdus/1-219 poinarii,64.0
7100,>1458355,Erwiniaceae,Mixta/1-220 theicola,65.0
7101,>2025808,Vibrionaceae,Vibrio/1-219 qinghaiensis,65.0
7102,>666,Vibrionaceae,Vibrio/1-219 cholerae,65.0
7104,>290110,Morganellaceae,Xenorhabdus/1-219 budapestensis,64.0
7105,>632,Yersiniaceae,Yersinia/1-221 pestis,65.0
7107,>435912,Vibrionaceae,Vibrio/1-219 porteresiae,65.0
7108,>666,Vibrionaceae,Vibrio/1-219 cholerae,65.0
7109,>61651,Yersiniaceae,Serratia/1-220 ficaria,65.0
7110,>351673,Morganellaceae,Xenorhabdus/1-219 cabanillasii,64.0
7111,>720,Pasteurellaceae,Actinobacillus/1-222 lignieresii,64.0
7112,>82979,Budviciaceae,Budvicia/1-221 aquatica,65.0
7113,>588,Morganellaceae,Providencia/1-218 stuartii,63.0
7114,>731,Pasteurellaceae,Histophilus/1-215 somni,64.0
7115,>1521931,Pasteurellaceae,Cricetibacter/1-219 osteomyelitidis,64.0
7116,>1917880,Yersiniaceae,Nissabacter/1-220 archeti,65.0
7117,>666,Vibrionaceae,Vibrio/1-219 cholerae,65.0
7118,>1119056,Budviciaceae,Budvicia/1-221 diplopodorum,65.0
7119,>588,Morganellaceae,Providencia/1-218 stuartii,63.0
7121,>71657,Pectobacteriaceae,Lonsdalea/1-220 quercina,65.0
7122,>2812662,Bruguierivoracaceae,Candidatus/1-221 Sodalis endolongispinus,65.0
7123,>2899784,Vibrionaceae,Vibrio/1-219 salinus,65.0
7124,>2060067,Yersiniaceae,Chimaeribacter/1-220 californicus,65.0
7125,>2060068,Yersiniaceae,Chimaeribacter/1-220 coloradensis,65.0
7126,>2791986,Budviciaceae,Jinshanibacter/1-221 allomyrinae,65.0
7127,>333964,Morganellaceae,Xenorhabdus/1-219 indica,64.0
7128,>2060066,Yersiniaceae,Chimaeribacter/1-220 arupi,65.0
7129,>351679,Morganellaceae,Xenorhabdus/1-219 hominickii,64.0
7130,>556,Pectobacteriaceae,Dickeya/1-221 chrysanthemi,65.0
7131,>28172,Vibrionaceae,Vibrio/1-215 metschnikovii,65.0
7132,>1078483,Pasteurellaceae,Haemophilus/1-222 sputorum,64.0
7133,>2805098,Morganellaceae,Photorhabdus/1-219 aegyptia,64.0
7134,>471575,Morganellaceae,Photorhabdus/1-219 cinerea,64.0
7136,>40269,Vibrionaceae,Aliivibrio/1-215 salmonicida,65.0
7137,>688,Vibrionaceae,Aliivibrio/1-215 logei,65.0
7139,>2893572,Pectobacteriaceae,Dickeya/1-221 parazeae,65.0
7140,>466109,Bruguierivoracaceae,Biostraticola/1-220 tofi,65.0
7141,>2711221,Vibrionaceae,Vibrio/1-219 ziniensis,65.0
7142,>556,Pectobacteriaceae,Dickeya/1-221 chrysanthemi,65.0
7143,>413403,Vibrionaceae,Vibrio/1-216 rarus,62.0
7145,>665914,Erwiniaceae,Mixta/1-221 gaviniae,65.0
7149,>42906,Yersiniaceae,Serratia/1-220 entomophila,65.0
7151,>29488,Morganellaceae,Photorhabdus/1-219 luminescens,64.0
7154,>582,Morganellaceae,Morganella/1-220 morganii,64.0
7156,>2862867,Morganellaceae,Photorhabdus/1-219 antumapuensis,64.0
7157,>2338073,Yersiniaceae,Serratia/1-221 inhibens,65.0
7158,>715,Pasteurellaceae,Actinobacillus/1-222 pleuropneumoniae,64.0
7159,>29488,Morganellaceae,Photorhabdus/1-219 luminescens,64.0
7160,>1619313,Erwiniaceae,Duffyella/1-220 gerundensis,65.0
7161,>615,Yersiniaceae,Serratia/1-221 marcescens,65.0
7162,>351676,Morganellaceae,Xenorhabdus/1-219 kozodoii,64.0
7164,>2029681,Morganellaceae,Photorhabdus/1-219 bodei,64.0
7165,>2028574,Psittacicellaceae,Psittacicella/1-218 gerlachiana,63.0
7166,>29488,Morganellaceae,Photorhabdus/1-219 luminescens,64.0
7167,>1851568,Morganellaceae,Photorhabdus/1-219 namnaonensis,64.0
7168,>337250,Idiomarinaceae,Pseudidiomarina/1-220 taiwanensis,65.0
7169,>2918802,Morganellaceae,Photorhabdus/1-219 hindustanensis,64.0
7170,>351659,Morganellaceae,Xenorhabdus/1-218 koppenhoeferi,64.0
7172,>2691583,Pectobacteriaceae,Acerihabitans/1-221 arboris,65.0
7174,>171438,Morganellaceae,Photorhabdus/1-219 akhurstii,64.0
7175,>516074,Morganellaceae,Providencia/1-218 burhodogranariea,63.0
7176,>1239307,Bruguierivoracaceae,Sodalis/1-221 praecaptivus,65.0
7177,>333965,Morganellaceae,Providencia/1-218 vermicola,63.0
7178,>1208607,Morganellaceae,Photorhabdus/1-219 noenieputensis,64.0
7179,>1778262,Enterobacteriaceae,Candidatus/1-221 Doolittlea endobia,65.0
7180,>618,Yersiniaceae,Serratia/1-221 odorifera,65.0
7184,>666,Vibrionaceae,Vibrio/1-215 cholerae,65.0
7186,>2763499,Morganellaceae,Xenorhabdus/1-219 lircayensis,64.0
7188,>727,Pasteurellaceae,Haemophilus/1-221 influenzae,64.0
7189,>727,Pasteurellaceae,Haemophilus/1-221 influenzae,64.0
7191,>2749147,Idiomarinaceae,Aliidiomarina/1-220 indica,65.0
7192,>1004165,Morganellaceae,Photorhabdus/1-219 caribbeanensis,64.0
7194,>588,Morganellaceae,Providencia/1-218 stuartii,63.0
7196,>333962,Morganellaceae,Providencia/1-218 heimbachae,63.0
7197,>2218628,Morganellaceae,Photorhabdus/1-219 laumondii,64.0
7199,>2593535,Idiomarinaceae,Aliidiomarina/1-220 halalkaliphila,65.0
7200,>756,Pasteurellaceae,Pasteurella/1-220 langaaensis,65.0
7201,>1873482,Morganellaceae,Xenorhabdus/1-219 eapokensis,64.0
7202,>61652,Yersiniaceae,Serratia/1-221 rubidaea,65.0
7204,>40578,Morganellaceae,Xenorhabdus/1-219 beddingii,64.0
7205,>549,Erwiniaceae,Pantoea/1-221 agglomerans,65.0
7206,>1177216,Enterobacteriaceae,Candidatus/1-220 Profftia tarda,65.0
7207,>549,Erwiniaceae,Pantoea/1-221 agglomerans,65.0
7208,>413401,Vibrionaceae,Vibrio/1-212 comitans,62.0
7210,>549,Erwiniaceae,Pantoea/1-220 agglomerans,65.0
7212,>880156,Morganellaceae,Photorhabdus/1-219 heterorhabditis,64.0
7213,>1544696,Erwiniaceae,Rosenbergiella/1-221 australiborealis,65.0
7214,>549,Erwiniaceae,Pantoea/1-221 agglomerans,65.0
7215,>1481914,Vibrionaceae,Vibrio/1-216 ishigakensis,62.0
7216,>728,Pasteurellaceae,Avibacterium/1-215 paragallinarum,64.0
7218,>300876,Vibrionaceae,Vibrio/1-220 europaeus,65.0
7220,>1249555,Idiomarinaceae,Aliidiomarina/1-220 sanyensis,65.0
7221,>336804,Thorselliaceae,Thorsellia/1-220 anophelis,65.0
7223,>1486991,Bruguierivoracaceae,Candidatus/1-221 Sodalis pierantonius,65.0
7226,>198815,Vibrionaceae,Vibrio/1-212 superstes,62.0
7227,>553239,Vibrionaceae,Vibrio/1-212 breoganii,62.0
7228,>685,Vibrionaceae,Vibrio/1-219 diazotrophicus,65.0
7229,>368603,Morganellaceae,Morganella/1-220 psychrotolerans,64.0
7230,>291112,Morganellaceae,Photorhabdus/1-219 asymbiotica,64.0
7231,>929813,Yersiniaceae,Gibbsiella/1-220 quercinecans,65.0
7232,>41202,Yersiniaceae,Ewingella/1-220 americana,65.0
7233,>394566,Ferrimonadaceae,Ferrimonas/1-215 senticii,65.0
7234,>717,Pasteurellaceae,Actinobacillus/1-222 capsulatus,64.0
7235,>664643,Vibrionaceae,Vibrio/1-219 plantisponsor,65.0
7236,>549,Erwiniaceae,Pantoea/1-220 agglomerans,65.0
7239,>714,Pasteurellaceae,Aggregatibacter/1-219 actinomycetemcomitans,64.0
7240,>286156,Morganellaceae,Photorhabdus/1-219 australis,64.0
7241,>2267246,Enterobacteriaceae,Edaphovirga/1-221 cremea,65.0
7244,>861298,Vibrionaceae,Vibrio/1-215 xiamenensis,65.0
7246,>109472,Pasteurellaceae,Bisgaardia/1-215 hudsonensis,64.0
7247,>549,Erwiniaceae,Pantoea/1-220 agglomerans,65.0
7249,>642227,Erwiniaceae,Tatumella/1-219 morbirosei,65.0
7250,>251535,Enterobacteriaceae,Candidatus/1-221 Blochmannia vafer,65.0
7252,>413402,Vibrionaceae,Vibrio/1-212 inusitatus,62.0
7253,>251542,Enterobacteriaceae,Candidatus/1-221 Blochmannia chromaiodes,65.0
7254,>470932,Erwiniaceae,Pantoea/1-220 deleyi,65.0
7257,>714,Pasteurellaceae,Aggregatibacter/1-219 actinomycetemcomitans,64.0
7258,>526588,Vibrionaceae,Vibrio/1-220 ostreicida,65.0
7259,>134287,Enterobacteriaceae,secondary/1-221 endosymbiont of Heteropsylla cubana,65.0
7261,>755,Pasteurellaceae,Avibacterium/1-219 gallinarum,64.0
7263,>1477018,Hafniaceae,Hafnia/1-219 psychrotolerans,65.0
7264,>470934,Erwiniaceae,Pantoea/1-220 vagans,65.0
7265,>549,Erwiniaceae,Pantoea/1-220 agglomerans,65.0
7266,>549,Erwiniaceae,Pantoea/1-220 agglomerans,65.0
7267,>549,Erwiniaceae,Pantoea/1-220 agglomerans,65.0
7268,>751,Pasteurellaceae,Avibacterium/1-219 avium,64.0
7271,>732,Pasteurellaceae,Aggregatibacter/1-219 aphrophilus,64.0
7272,>549,Erwiniaceae,Pantoea/1-220 agglomerans,65.0
7273,>2302434,Vibrionaceae,Vibrio/1-219 sinensis,65.0
7274,>1521930,Pasteurellaceae,Mesocricetibacter/1-219 intestinalis,64.0
7276,>29498,Vibrionaceae,Vibrio/1-220 tubiashii,65.0
7278,>158850,Morganellaceae,Providencia/1-218 rustigianii,63.0
7280,>726,Pasteurellaceae,Haemophilus/1-219 haemolyticus,64.0
7282,>727,Pasteurellaceae,Haemophilus/1-219 influenzae,64.0
7284,>2172103,Budviciaceae,Limnobaculum/1-221 parvum,65.0
7285,>2758443,Erwiniaceae,Mixta/1-220 mediterraneensis,65.0
7286,>2231648,Vibrionaceae,Vibrio/1-220 maerlii,65.0
7287,>549,Erwiniaceae,Pantoea/1-220 agglomerans,65.0
7288,>28175,Vibrionaceae,Vibrio/1-220 orientalis,65.0
7290,>666,Vibrionaceae,Vibrio/1-220 cholerae,65.0
7291,>2364647,Erwiniaceae,Kalamiella/1-220 piersonii,65.0
7292,>2603858,Geobacteraceae,Oryzomonas/1-213 japonica,52.0
7295,>579748,Vibrionaceae,Vibrio/1-220 galatheae,65.0
7296,>739,Pasteurellaceae,Aggregatibacter/1-219 segnis,64.0
7297,>1076626,Fam_of_Candidatus/1-220 Steffania,Candidatus Steffania adelgidicola,65.0
7298,>101534,Enterobacteriaceae,Candidatus/1-221 Blochmannia pennsylvanicus,65.0
7299,>34038,Yersiniaceae,Rahnella/1-220 aquatilis,65.0
7300,>2703882,Yersiniaceae,Rahnella/1-220 contaminans,65.0
7301,>2499078,Vibrionaceae,Vibrio/1-220 ouci,65.0
7305,>480813,Erwiniaceae,Tatumella/1-220 saanichensis,65.0
7307,>2231647,Vibrionaceae,Vibrio/1-220 tetraodonis,65.0
7314,>1510570,Yersiniaceae,Rahnella/1-220 victoriana,65.0
7315,>53417,Pasteurellaceae,Lonepinella/1-219 koalarum,64.0
7317,>734,Pasteurellaceae,Haemophilus/1-222 paracuniculus,64.0
7318,>380674,Pasteurellaceae,Avibacterium/1-219 endocarditidis,64.0
7319,>2028575,Psittacicellaceae,Psittacicella/1-217 hinzii,62.0
7321,>1646373,Yersiniaceae,Rouxiella/1-221 silvae,65.0
7322,>142461,Vibrionaceae,Vibrio/1-220 ichthyoenteri,65.0
7323,>53336,Erwiniaceae,Tatumella/1-219 citrea,65.0
7324,>82987,Erwiniaceae,Tatumella/1-219 ptyseos,65.0
7325,>762,Pasteurellaceae,Avibacterium/1-212 volantium,64.0
7326,>40576,Morganellaceae,Xenorhabdus/1-219 bovienii,64.0
7329,>2587862,Vibrionaceae,Vibrio/1-220 aquimaris,65.0
7331,>108080,Enterobacteriaceae,Candidatus/1-221 Blochmannia herculeanus,65.0
7332,>1048642,Idiomarinaceae,Aliidiomarina/1-220 shirensis,65.0
7333,>2724191,Ferrimonadaceae,Ferrimonas/1-215 lipolytica,65.0
7340,>34038,Yersiniaceae,Rahnella/1-220 aquatilis,65.0
7341,>34038,Yersiniaceae,Rahnella/1-220 aquatilis,65.0
7342,>2816244,Yersiniaceae,Rahnella/1-220 perminowiae,65.0
7344,>34038,Yersiniaceae,Rahnella/1-220 aquatilis,65.0
7345,>45658,Vibrionaceae,Vibrio/1-220 scophthalmi,65.0
7346,>1510573,Yersiniaceae,Rahnella/1-220 bruchi,65.0
7349,>2231649,Vibrionaceae,Vibrio/1-220 rhodolitus,65.0
7350,>2816248,Yersiniaceae,Rahnella/1-220 bonaserana,65.0
7351,>2816250,Yersiniaceae,Rahnella/1-220 ecdela,65.0
7353,>1524254,Fam_of_Pseudohongiella,Pseudohongiella/1-220 acticola,65.0
7355,>574964,Yersiniaceae,Rahnella/1-220 variigena,65.0
7357,>2028576,Psittacicellaceae,Psittacicella/1-218 melopsittaci,63.0
7359,>379097,Vibrionaceae,Vibrio/1-220 sinaloensis,65.0
7361,>51048,Pasteurellaceae,Actinobacillus/1-220 porcinus,65.0
7362,>1510574,Yersiniaceae,Rahnella/1-220 woolbedingensis,65.0
7365,>2675110,Yersiniaceae,Serratia/1-218 microhaemolytica,65.0
7367,>58169,Yersiniaceae,Rahnella/1-220 inusitata,65.0
7372,>67854,Pasteurellaceae,Actinobacillus/1-220 succinogenes,65.0
7374,>2758441,Vibrionaceae,Vibrio/1-220 marinisediminis,65.0
7378,>1513468,Yersiniaceae,Rouxiella/1-221 chamberiensis,65.0
7385,>2603857,Geobacteraceae,Oryzomonas/1-212 sagensis,52.0
7392,>265668,Vibrionaceae,Vibrio/1-220 ponticus,65.0
7393,>86187,Erwiniaceae,Phaseolibacter/1-219 flectens,65.0
7397,>859059,Idiomarinaceae,Aliidiomarina/1-220 haloalkalitolerans,65.0
7402,>62763,Vibrionaceae,Vibrio/1-220 pectenicida,65.0
7403,>1434071,Idiomarinaceae,Aliidiomarina/1-220 iranensis,65.0
7413,>56804,Alteromonadaceae,Glaciecola/1-220 punicea,65.0
7417,>1646377,Yersiniaceae,Rouxiella/1-221 badensis,65.0
7420,>2572923,Vibrionaceae,Vibrio/1-220 taketomensis,65.0
7421,>626938,Succinivibrionaceae,Succinatimonas/1-221 hippei,65.0
7426,>1123494,Vibrionaceae,Vibrio/1-220 pacinii,65.0
7429,>558271,Vibrionaceae,Vibrio/1-220 atypicus,65.0
7433,>2703884,Yersiniaceae,Rouxiella/1-221 aceris,65.0
7435,>1249552,Fam_of_Pseudohongiella,Pseudohongiella/1-220 spirulinae,65.0
7436,>251540,Enterobacteriaceae,Candidatus/1-220 Blochmannia vicinus,65.0
7440,>1921087,Mariprofundaceae,Mariprofundus/1-214 ferrinatatus,63.0
7445,>1987921,Enterobacteriaceae,Candidatus/1-220 Profftia lariciata,65.0
7446,>28159,Pasteurellaceae,Caviibacterium/1-219 pharyngocola,64.0
7447,>1461322,Vibrionaceae,Vibrio/1-220 renipiscarius,65.0
7449,>2496559,Vibrionaceae,Vibrio/1-220 aquaticus,65.0
7454,>2509454,Geobacteraceae,Oryzomonas/1-212 rubra,52.0
7455,>1381081,Vibrionaceae,Vibrio/1-220 panuliri,65.0
7471,>1921086,Mariprofundaceae,Mariprofundus/1-214 aestuarium,63.0
7484,>1768907,Fam_of_Pseudohongiella,Pseudohongiella/1-220 nitratireducens,65.0
7495,>179995,Succinivibrionaceae,Anaerobiospirillum/1-221 thomasii,65.0
7515,>693,Vibrionaceae,Vibrio/1-220 nereis,65.0
7516,>752,Pasteurellaceae,Pasteurella/1-220 bettyae,65.0
7521,>1921010,Mariprofundaceae,Mariprofundus/1-214 micogutta,63.0
7523,>190893,Vibrionaceae,Vibrio/1-220 coralliilyticus,65.0
7524,>1604354,Pasteurellaceae,Mannheimia/1-220 massilioguelmaensis,65.0
7528,>170652,Vibrionaceae,Vibrio/1-220 brasiliensis,65.0
7533,>673372,Vibrionaceae,Vibrio/1-220 casei,65.0
7535,>171383,Vibrionaceae,Vibrio/1-220 hepatarius,65.0
7542,>946228,Idiomarinaceae,Aliidiomarina/1-220 taiwanensis,65.0
7544,>170651,Vibrionaceae,Vibrio/1-220 neptunius,65.0
7552,>2938947,Idiomarinaceae,Aliidiomarina/1-220 quisquiliarum,65.0
7553,>375674,Ferrimonadaceae,Paraferrimonas/1-218 sedimenticola,64.0
7556,>2077090,Vibrionaceae,Vibrio/1-215 gangliei,65.0
7583,>1323749,Vibrionaceae,Vibrio/1-220 salilacus,65.0
7666,>622671,Desulfobacteraceae,Desulfobotulus/1-212 alkaliphilus,52.0
7698,>2586642,Desulfobacteraceae,Desulfobotulus/1-212 mexicanus,52.0
8031,>419481,Desulfolunaceae,Desulfoluna/1-212 spongiiphila,52.0
8100,>2810562,Desulfolunaceae,Desulfoluna/1-212 limicola,52.0
8105,>181663,Desulfosudaceae,Desulfosudis/1-212 oleivorans,52.0
8130,>2865782,Syntrophobacteraceae,Desulfoferrobacter/1-211 suflitae,52.0
8132,>81947,Enterococcaceae,Vagococcus/1-206 lutrae,52.0
8181,>231438,Desulfolunaceae,Desulfoluna/1-212 butyratoxydans,52.0
8236,>2740184,Geobacteraceae,Geomonas/1-211 silvestris,52.0
8336,>1297742,Myxococcaceae,Myxococcus/1-210 hansupus,52.0
8340,>894,Desulfobulbaceae,Desulfobulbus/1-209 propionicus,52.0
8342,>259354,Desulfatibacillaceae,Desulfatibacillum/1-212 alkenivorans,52.0
8397,>2740186,Geobacteraceae,Geomonas/1-211 limicola,52.0
8423,>153026,Desulforegulaceae,Desulforegula/1-215 conservatrix,52.0
8427,>2562681,Geobacteraceae,Geomonas/1-211 terrae,52.0
8444,>1185843,Desulfosarcinaceae,Desulfatitalea/1-212 tepidiphila,52.0
8461,>2798584,Geobacteraceae,Geomesophilobacter/1-211 sediminis,52.0
8474,>2771352,Geobacteraceae,Pelovirga/1-211 terrestris,52.0
8482,>218208,Desulfatibacillaceae,Desulfatibacillum/1-212 aliphaticivorans,52.0
8483,>1246637,Desulfobacteraceae,Desulfamplus/1-212 magnetovallimortis,52.0
8514,>119484,Syntrophobacteraceae,Syntrophobacter/1-213 fumaroxidans,52.0
8516,>394092,Archangiaceae,Cystobacter/1-210 gracilis,52.0
8518,>394096,Archangiaceae,Hyalangium/1-210 minutum,52.0
8521,>2364273,Geobacteraceae,Geomonas/1-211 oryzae,52.0
8527,>60035,Geobacteraceae,Citrifermentans/1-211 bremense,52.0
8541,>53424,Thermodesulfobacteriaceae,Thermodesulfobacterium/1-212 hveragerdense,52.0
8542,>332175,Desulfosalsimonadaceae,Desulfosalsimonas/1-212 propionicica,52.0
8550,>35837,Syntrophobacteraceae,Desulfacinum/1-210 infernum,52.0
8559,>879,Desulfovibrionaceae,Megalodesulfovibrio/1-209 gigas,52.0
8570,>2847989,Geobacteraceae,Geomonas/1-211 subterranea,52.0
8574,>2798582,Geobacteraceae,Geomonas/1-211 propionica,52.0
8582,>1035120,Deferrisomataceae,Deferrisoma/1-211 camini,52.0
8606,>37625,Geopsychrobacteraceae,Desulfuromusa/1-211 kysingii,52.0
8607,>404380,Geobacteraceae,Citrifermentans/1-211 bemidjiense,52.0
8610,>39841,Thermodesulforhabdaceae,Thermodesulforhabdus/1-211 norvegica,52.0
8616,>2798583,Geobacteraceae,Geomonas/1-211 anaerohicana,52.0
8633,>571177,Desulfosarcinaceae,Desulfosarcina/1-212 alkanivorans,52.0
8642,>2740185,Geobacteraceae,Geomonas/1-211 paludis,52.0
8643,>2843196,Geobacteraceae,Geomonas/1-211 azotofigens,52.0
8648,>260714,Campylobacteraceae,Campylobacter/1-216 insulaenigrae,53.0
8658,>2847992,Geobacteraceae,Geomonas/1-211 oryzisoli,52.0
8676,>2873702,Geobacteraceae,Geomonas/1-211 agri,52.0
8677,>45663,Desulfohalobiaceae,Desulfohalobium/1-208 retbaense,52.0
8689,>109258,Syntrophobacteraceae,Desulfacinum/1-210 hydrothermale,52.0
8693,>255507,Arcobacteraceae,Aliarcobacter/1-214 cibarius,53.0
8710,>639282,Deferribacteraceae,Deferribacter/1-207 desulfuricans,52.0
8716,>1741,Thermodesulfobacteriaceae,Thermodesulfobacterium/1-214 commune,52.0
8756,>1795632,Thermodesulfatatoraceae,Thermodesulfatator/1-210 autotrophicus,52.0
8766,>407188,Desulfuromonadaceae,Pelobacter/1-211 seleniigenes,52.0
8768,>1765737,Dissulfurirhabdaceae,Dissulfurirhabdus/1-211 thermomarina,52.0
8787,>2847989,Geobacteraceae,Geomonas/1-211 subterranea,52.0
8837,>83460,Archangiaceae,Stigmatella/1-210 erecta,52.0
8856,>171695,Thermodesulfatatoraceae,Thermodesulfatator/1-210 indicus,52.0
8863,>361111,Syntrophobacteraceae,Desulfoglaeba/1-211 alkanexedens,52.0
8914,>2873701,Geobacteraceae,Geomonas/1-211 fuzhouensis,52.0
8937,>2847989,Geobacteraceae,Geomonas/1-211 subterranea,52.0
8951,>1848766,Campylobacteraceae,Campylobacter/1-216 ornithocola,53.0
8977,>1936021,Thermodesulfobacteriaceae,Thermosulfuriphilus/1-212 ammonigenes,52.0
9007,>34,Myxococcaceae,Myxococcus/1-210 xanthus,52.0
9009,>455488,Anaeromyxobacteraceae,Anaeromyxobacter/1-211 dehalogenans,53.0
9035,>83449,Archangiaceae,Cystobacter/1-210 ferrugineus,52.0
9061,>115781,Desulfobacteraceae,Desulfotignum/1-212 balticum,52.0
9062,>225196,Geopsychrobacteraceae,Geopsychrobacter/1-211 electrodiphilus,52.0
9063,>201,Campylobacteraceae,Campylobacter/1-216 lari,53.0
9065,>501497,Thermodesulfatatoraceae,Thermodesulfatator/1-210 atlanticus,52.0
9073,>190898,Desulfobacteraceae,Desulfotignum/1-212 phosphitoxidans,52.0
9111,>2316722,Myxococcaceae,Corallococcus/1-210 aberystwythensis,52.0
9121,>488546,Campylobacteraceae,Campylobacter/1-216 peloridis,53.0
9122,>1842532,Syntrophotaleaceae,Syntrophotalea/1-211 acetylenivorans,52.0
9136,>2316733,Myxococcaceae,Corallococcus/1-210 terminator,52.0
9186,>1388751,Campylobacteraceae,Campylobacter/1-216 subantarcticus,53.0
9190,>2316731,Myxococcaceae,Corallococcus/1-210 llansteffanensis,52.0
9193,>184917,Desulfovibrionaceae,Solidesulfovibrio/1-211 magneticus,52.0
9197,>2316728,Myxococcaceae,Corallococcus/1-210 carmarthensis,52.0
9228,>2710757,Myxococcaceae,Corallococcus/1-210 soli,52.0
9240,>1121453,Desulfovibrionaceae,Desulfovibrio/1-209 inopinatus,52.0
9244,>2792470,Archangiaceae,Archangium/1-211 primigenium,52.0
9261,>2316726,Myxococcaceae,Corallococcus/1-210 sicarius,52.0
9278,>90728,Desulfobacteraceae,Desulfatiglans/1-213 anilini,52.0
9279,>2561898,Campylobacteraceae,Candidatus/1-215 Campylobacter infans,53.0
9284,>1031542,Campylobacteraceae,Campylobacter/1-216 volucris,53.0
9290,>296842,Desulfovibrionaceae,Solidesulfovibrio/1-211 carbinolicus,52.0
9308,>2316736,Myxococcaceae,Corallococcus/1-210 exercitus,52.0
9387,>213224,Geothermobacteraceae,Geothermobacter/1-211 ehrlichii,52.0
9388,>2505970,Campylobacteraceae,Campylobacter/1-216 armoricus,53.0
9432,>394097,Archangiaceae,Stigmatella/1-210 hybrida,52.0
9437,>231447,Desulfobulbaceae,Desulfogranum/1-211 japonicum,52.0
9448,>246191,Desulfovibrionaceae,Maridesulfovibrio/1-209 ferrireducens,52.0
9451,>28223,Desulfobacteraceae,Desulfobacula/1-212 toluolica,52.0
9456,>184914,Myxococcaceae,Corallococcus/1-210 coralloides,52.0
9462,>2316720,Myxococcaceae,Corallococcus/1-210 interemptor,52.0
9468,>1294270,Archangiaceae,Melittangium/1-211 boletus,52.0
9474,>184914,Myxococcaceae,Corallococcus/1-210 coralloides,52.0
9485,>29542,Syntrophotaleaceae,Syntrophotalea/1-213 acetylenica,52.0
9518,>2740515,Hydrogenimonadaceae,Hydrogenimonas/1-217 urashimensis,53.0
9529,>184914,Myxococcaceae,Corallococcus/1-210 coralloides,52.0
9535,>2509454,Geobacteraceae,Oryzomonas/1-211 rubra,52.0
9537,>206,Campylobacteraceae,Campylobacter/1-213 sputorum,53.0
9550,>2603857,Geobacteraceae,Oryzomonas/1-211 sagensis,52.0
9555,>2047767,Thermodesulfobacteriaceae,Thermosulfurimonas/1-212 marina,52.0
9566,>41,Archangiaceae,Stigmatella/1-210 aurantiaca,52.0
9572,>1114878,Geobacteraceae,Geomobilimonas/1-210 luticola,52.0
9576,>2906759,Myxococcaceae,Pyxidicoccus/1-210 xibeiensis,52.0
9583,>1519643,Desulfovibrionaceae,Desulfovibrio/1-209 gilichinskyi,52.0
9590,>2709662,Myxococcaceae,Pyxidicoccus/1-210 trucidator,52.0
9598,>83462,Myxococcaceae,Corallococcus/1-210 exiguus,52.0
9603,>2603858,Geobacteraceae,Oryzomonas/1-211 japonica,52.0
9623,>223786,Hydrogenimonadaceae,Hydrogenimonas/1-217 thermophila,53.0
9629,>2292,Desulfobacteraceae,Desulfobacter/1-212 latus,52.0
9644,>526222,Desulfovibrionaceae,Maridesulfovibrio/1-209 salexigens,52.0
9672,>43,Archangiaceae,Cystobacter/1-210 fuscus,52.0
9680,>83451,Archangiaceae,Archangium/1-216 violaceum,58.0
9692,>63561,Desulfovibrionaceae,Desulfovibrio/1-210 sulfodismutans,52.0
9695,>878,Desulfovibrionaceae,Solidesulfovibrio/1-211 fructosivorans,52.0
9699,>148813,Sulfurimonadaceae,Sulfuricurvum/1-214 kujiense,53.0
9711,>2290,Desulfobacteraceae,Desulfobacter/1-212 curvatus,52.0
9722,>57040,Geopsychrobacteraceae,Malonomonas/1-211 rubra,52.0
9739,>2042961,Campylobacteraceae,Campylobacter/1-213 blaseri,53.0
9748,>394095,Myxococcaceae,Pyxidicoccus/1-210 fallax,52.0
9816,>53329,Desulfobacteraceae,Desulfospira/1-212 joergensenii,52.0
9823,>2976983,Desulfovibrionaceae,Desulfovibrio/1-216 mangrovi,60.0
9857,>2709663,Myxococcaceae,Pyxidicoccus/1-210 caerfyrddinensis,52.0
9874,>2906761,Myxococcaceae,Myxococcus/1-210 dinghuensis,52.0
9900,>1436998,Nitrospiraceae,Nitrospira/1-213 lenta,53.0
9908,>658062,Acidobacteriaceae,Candidatus/1-211 Koribacter versatilis,52.0
9912,>42253,Nitrospiraceae,Nitrospira/1-213 moscoviensis,53.0
9915,>214,Helicobacteraceae,Helicobacter/1-214 felis,53.0
9917,>83456,Myxococcaceae,Myxococcus/1-210 virescens,52.0
9951,>81406,Desulfovibrionaceae,Solidesulfovibrio/1-209 alcoholivorans,52.0
9972,>1325564,Nitrospiraceae,Nitrospira/1-211 japonica,53.0
9978,>1391654,Labilitrichaceae,Labilithrix/1-210 luteola,52.0
10006,>2773299,Desulfovibrionaceae,Desulfolutivibrio/1-211 sulfoxidireducens,52.0
10032,>360054,Bryobacteraceae,Bryobacter/1-211 aggregatus,52.0
10035,>2709664,Myxococcaceae,Myxococcus/1-210 vastator,52.0
10042,>57320,Desulfovibrionaceae,Pseudodesulfovibrio/1-210 profundus,52.0
10070,>827,Campylobacteraceae,Campylobacter/1-213 ureolyticus,53.0
10092,>1592317,Desulfoplanaceae,Desulfoplanes/1-210 formicivorans,52.0
10093,>271091,Fusobacteriaceae,Psychrilyobacter/1-209 atlanticus,55.0
10097,>332249,Trueperaceae,Truepera/1-211 radiovictrix,59.0
10127,>35,Myxococcaceae,Corallococcus/1-210 macrosporus,52.0
10135,>474949,Acidobacteriaceae,Granulicella/1-211 aggregans,52.0
10141,>45655,Desulfococcaceae,Desulfonema/1-212 magnum,52.0
10142,>57664,Desulfuromonadaceae,Desulfuromonas/1-210 thiophila,52.0
10152,>194702,Cardiobacteriaceae,Cardiobacterium/1-218 valvarum,61.0
10162,>1429043,Desulfarculaceae,Dethiosulfatarculus/1-210 sandiegensis,52.0
10261,>2608384,Campylobacteraceae,Campylobacter/1-213 portucalensis,53.0
10268,>2849499,Myxococcaceae,Citreicoccus/1-210 inhibens,52.0
10288,>2906760,Myxococcaceae,Myxococcus/1-210 guangdongensis,52.0
10301,>345631,Geobacteraceae,Geobacter/1-211 argillaceus,52.0
10340,>2040573,Acidobacteriaceae,Edaphobacter/1-211 acidisoli,52.0
10375,>340467,Desulfatirhabdiaceae,Desulfatirhabdium/1-212 butyrativorans,52.0
10379,>1307759,Desulfovibrionaceae,Desulfohalovibrio/1-208 reitneri,52.0
10407,>940139,Acidobacteriaceae,Terriglobus/1-211 aquaticus,52.0
10460,>75658,Campylobacteraceae,Campylobacter/1-214 lanienae,53.0
10464,>48,Archangiaceae,Archangium/1-210 gephyra,52.0
10485,>2906758,Myxococcaceae,Myxococcus/1-210 qinghaiensis,52.0
10489,>1986146,Desulfobulbaceae,Desulfobulbus/1-211 oralis,52.0
10491,>1909699,Desulfobulbaceae,Desulfobulbus/1-209 oligotrophicus,52.0
10503,>2590453,Myxococcaceae,Myxococcus/1-210 llanfairpwllgwyngyllgogerychwyrndrobwllllantysiliogogogochensis,52.0
10511,>570835,Acidobacteriaceae,Edaphobacter/1-211 aggregans,52.0
10514,>28199,Arcobacteraceae,Arcobacter/1-214 nitrofigilis,53.0
10519,>2795293,Desulfobulbaceae,Desulfolithobacter/1-210 dissulfuricans,52.0
10526,>1560005,Acidobacteriaceae,Edaphobacter/1-211 dinghuensis,52.0
10527,>1592106,Acidobacteriaceae,Terriglobus/1-211 albidus,52.0
10555,>2259016,Acidobacteriaceae,Edaphobacter/1-211 bradus,52.0
10559,>1162717,Leptotrichiaceae,Pseudostreptobacillus/1-205 hongkongensis,55.0
10566,>1933044,Acidobacteriaceae,Edaphobacter/1-211 flagellatus,52.0
10596,>2709661,Myxococcaceae,Myxococcus/1-210 eversor,52.0
10601,>2740404,Sulfurimonadaceae,Candidatus/1-214 Sulfurimonas baltica,53.0
10607,>2303751,Acidobacteriaceae,Paracidobacterium/1-211 acidisoli,52.0
10609,>488939,Desulfonatronovibrionaceae,Desulfonatronospira/1-211 thiodismutans,52.0
10616,>617002,Desulfonatronaceae,Desulfonatronum/1-211 thiosulfatophilum,52.0
10628,>104628,Helicobacteraceae,Helicobacter/1-216 suis,53.0
10637,>2763107,Acidobacteriaceae,Alloacidobacterium/1-211 dinghuense,52.0
10650,>1111115,Acidobacteriaceae,Terriglobus/1-211 tenax,52.0
10843,>79269,Desulfurellaceae,Desulfurella/1-212 multipotens,52.0
10871,>1562698,Desulfurellaceae,Desulfurella/1-212 amilsii,52.0
10956,>29542,Syntrophotaleaceae,Syntrophotalea/1-211 acetylenica,52.0
11019,>1842532,Syntrophotaleaceae,Syntrophotalea/1-213 acetylenivorans,52.0
11065,>936456,Chrysiogenaceae,Desulfurispirillum/1-213 indicum,52.0
11126,>2218256,Acidobacteriaceae,Acidicapsa/1-211 dinghuensis,52.0
11130,>1969733,Geothermobacteraceae,Geothermobacter/1-211 hydrogeniphilus,52.0
11191,>38815,Desulfuromonadaceae,Desulfuromonas/1-212 acetexigens,52.0
11218,>375926,Helicobacteraceae,Helicobacter/1-214 anseris,53.0
11289,>269259,Nitratiruptoraceae,Nitratiruptor/1-214 tergarcus,53.0
11316,>2509341,Sulfurimonadaceae,Sulfurimonas/1-214 hydrogeniphila,53.0
11328,>2040573,Acidobacteriaceae,Edaphobacter/1-213 acidisoli,52.0
11351,>317658,Sulfurimonadaceae,Sulfurimonas/1-214 paralvinellae,53.0
11359,>1458358,Helicobacteraceae,Helicobacter/1-212 valdiviensis,53.0
11406,>2590551,Sulfurimonadaceae,Sulfurimonas/1-214 marina,53.0
11456,>2590020,Sulfurimonadaceae,Sulfurimonas/1-214 sediminis,53.0
11463,>1279027,Hippeaceae,Hippea/1-211 alviniae,52.0
11481,>940614,Acidobacteriaceae,Granulicella/1-213 mallensis,52.0
11495,>870903,Acidobacteriaceae,Terriglobus/1-213 saanensis,52.0
11509,>682562,Chrysiogenaceae,Desulfurispira/1-213 natronophila,52.0
11517,>1448857,Campylobacteraceae,Campylobacter/1-211 corcagiensis,53.0
11524,>35818,Helicobacteraceae,Helicobacter/1-212 pullorum,53.0
11529,>1615681,Acidobacteriaceae,Acidicapsa/1-211 acidisoli,52.0
11530,>293256,Desulfovibrionaceae,Desulfohalovibrio/1-209 alkalitolerans,52.0
11553,>63561,Desulfovibrionaceae,Desulfovibrio/1-209 sulfodismutans,52.0
11555,>2802975,Desulfuromonadaceae,Desulfuromonas/1-211 versatilis,52.0
11571,>1382359,Acidobacteriaceae,Pseudacidobacterium/1-213 ailaaui,52.0
11575,>926566,Acidobacteriaceae,Terriglobus/1-213 roseus,52.0
11577,>2315334,Helicobacteraceae,Helicobacter/1-212 burdigaliensis,53.0
11599,>474950,Acidobacteriaceae,Granulicella/1-213 pectinivorans,52.0
11613,>570835,Acidobacteriaceae,Edaphobacter/1-213 aggregans,52.0
11623,>231447,Desulfobulbaceae,Desulfogranum/1-210 japonicum,52.0
11624,>940139,Acidobacteriaceae,Terriglobus/1-213 aquaticus,52.0
11632,>2949739,Helicobacteraceae,Helicobacter/1-212 colisuis,53.0
11634,>123841,Helicobacteraceae,Helicobacter/1-212 canadensis,53.0
11637,>223786,Hydrogenimonadaceae,Hydrogenimonas/1-215 thermophila,53.0
11660,>863522,Acidobacteriaceae,Bryocella/1-213 elongata,52.0
11668,>84405,Hippeaceae,Hippea/1-211 maritima,52.0
11691,>1780362,Campylobacteraceae,Campylobacter/1-213 geochelonis,53.0
11723,>1577686,Acidobacteriaceae,Silvibacterium/1-213 bohemicum,52.0
11739,>844,Helicobacteraceae,Wolinella/1-214 succinogenes,53.0
11764,>83455,Myxococcaceae,Myxococcus/1-210 stipitatus,52.0
11773,>2303751,Acidobacteriaceae,Paracidobacterium/1-213 acidisoli,52.0
11778,>474951,Acidobacteriaceae,Granulicella/1-213 paludicola,52.0
11784,>2740515,Hydrogenimonadaceae,Hydrogenimonas/1-215 urashimensis,53.0
11817,>2479048,Acidobacteriaceae,Granulicella/1-213 sibirica,52.0
11820,>1750598,Fam_of_Dissulfurimicrobium,Dissulfurimicrobium/1-211 hydrothermale,52.0
11830,>59617,Helicobacteraceae,Helicobacter/1-212 rodentium,53.0
11852,>104628,Helicobacteraceae,Helicobacter/1-214 suis,53.0
11861,>1436998,Nitrospiraceae,Nitrospira/1-211 lenta,53.0
11872,>610254,Syntrophobacteraceae,Desulfosoma/1-210 caldarium,52.0
11877,>878,Desulfovibrionaceae,Solidesulfovibrio/1-210 fructosivorans,52.0
11920,>1111115,Acidobacteriaceae,Terriglobus/1-213 tenax,52.0
11927,>2714855,Nitratiruptoraceae,Nitrosophilus/1-215 alvini,53.0
11936,>231439,Desulfovibrionaceae,Pseudodesulfovibrio/1-209 portus,52.0
11943,>768535,Acidobacteriaceae,Acidipila/1-213 rosea,52.0
11959,>60246,Helicobacteraceae,Helicobacter/1-212 ganmani,53.0
11987,>87012,Helicobacteraceae,Helicobacter/1-212 mesocricetorum,53.0
12003,>2771352,Geobacteraceae,Pelovirga/1-213 terrestris,52.0
12027,>2905874,Helicobacteraceae,Helicobacter/1-214 anatolicus,53.0
12030,>2922716,Desulfovibrionaceae,Fundidesulfovibrio/1-208 soli,52.0
12035,>42253,Nitrospiraceae,Nitrospira/1-212 moscoviensis,53.0
12036,>1592106,Acidobacteriaceae,Terriglobus/1-213 albidus,52.0
12050,>741063,Acidobacteriaceae,Granulicella/1-211 cerasi,52.0
12052,>1294270,Archangiaceae,Melittangium/1-216 boletus,58.0
12058,>474949,Acidobacteriaceae,Granulicella/1-213 aggregans,52.0
12072,>999894,Thermodesulfobacteriaceae,Thermosulfurimonas/1-211 dismutans,52.0
12085,>1125411,Fam_of_Candidatus/1-218 Pseudothioglobus,Candidatus Pseudothioglobus singularis,62.0
12092,>45655,Desulfococcaceae,Desulfonema/1-214 magnum,52.0
12108,>184917,Desulfovibrionaceae,Solidesulfovibrio/1-210 magneticus,52.0
12169,>296842,Desulfovibrionaceae,Solidesulfovibrio/1-210 carbinolicus,52.0
12191,>90728,Desulfobacteraceae,Desulfatiglans/1-211 anilini,52.0
12193,>1560006,Acidobacteriaceae,Silvibacterium/1-213 dinghuense,52.0
12195,>657387,Halomonadaceae,Kushneria/1-218 phosphatilytica,64.0
12196,>295255,Desulfovibrionaceae,Solidesulfovibrio/1-210 aerotolerans,52.0
12200,>641491,Desulfovibrionaceae,Pseudodesulfovibrio/1-209 mercurii,52.0
12273,>1295565,Halomonadaceae,Larsenimonas/1-219 salina,65.0
12274,>2498113,Budviciaceae,Jinshanibacter/1-219 zhutongyuii,65.0
12303,>1716143,Desulfovibrionaceae,Pseudodesulfovibrio/1-209 indicus,52.0
12389,>82981,Budviciaceae,Leminorella/1-219 grimontii,65.0
12391,>2738837,Budviciaceae,Insectihabitans/1-219 xujianqingii,65.0
12438,>1603606,Desulfuromonadaceae,Desulfuromonas/1-211 soudanensis,52.0
12456,>2791986,Budviciaceae,Jinshanibacter/1-219 allomyrinae,65.0
12464,>1119056,Budviciaceae,Budvicia/1-219 diplopodorum,65.0
12496,>35817,Helicobacteraceae,Helicobacter/1-214 heilmannii,53.0
12498,>1384589,Enterobacteriaceae,Entomohabitans/1-219 teleogrylli,65.0
12507,>500465,Deferribacteraceae,Deferribacter/1-207 autotrophicus,52.0
12523,>1677920,Helicobacteraceae,Helicobacter/1-213 jaachi,53.0
12529,>340956,Desulfovibrionaceae,Maridesulfovibrio/1-209 frigidus,52.0
12543,>357240,Enterobacteriaceae,Franconibacter/1-219 helveticus,65.0
12548,>2706014,Nitratiruptoraceae,Nitrosophilus/1-215 labii,53.0
12555,>43,Archangiaceae,Cystobacter/1-216 fuscus,58.0
12569,>40542,Leptotrichiaceae,Leptotrichia/1-208 buccalis,55.0
12580,>2867412,Helicobacteraceae,Helicobacter/1-213 turcicus,53.0
12593,>83449,Archangiaceae,Cystobacter/1-216 ferrugineus,58.0
12597,>2815733,Enterobacteriaceae,Tenebrionicola/1-219 larvae,65.0
12625,>463192,Desulfovibrionaceae,Pseudodesulfovibrio/1-209 tunisiensis,52.0
12626,>2792470,Archangiaceae,Archangium/1-216 primigenium,58.0
12643,>1851019,Halomonadaceae,Larsenimonas/1-219 suaedae,65.0
12690,>1578720,Helicobacteraceae,Helicobacter/1-214 ailurogastricus,53.0
12695,>851,Fusobacteriaceae,Fusobacterium/1-206 nucleatum,55.0
12698,>2172103,Budviciaceae,Limnobaculum/1-219 parvum,65.0
12699,>82985,Budviciaceae,Pragia/1-219 fontium,65.0
12904,>79269,Desulfurellaceae,Desulfurella/1-210 multipotens,52.0
13260,>2880922,Deferrivibrionaceae,Deferrivibrio/1-208 essentukiensis,52.0
13390,>1562698,Desulfurellaceae,Desulfurella/1-210 amilsii,52.0
13392,>41,Archangiaceae,Stigmatella/1-212 aurantiaca,52.0
13409,>859,Fusobacteriaceae,Fusobacterium/1-208 necrophorum,55.0
13481,>394097,Archangiaceae,Stigmatella/1-212 hybrida,52.0
13537,>83460,Archangiaceae,Stigmatella/1-212 erecta,52.0
13724,>394092,Archangiaceae,Cystobacter/1-212 gracilis,52.0
13746,>1583098,Fusobacteriaceae,Fusobacterium/1-208 hwasookii,55.0
13753,>849,Fusobacteriaceae,Fusobacterium/1-208 gonidiaformans,55.0
13758,>83451,Archangiaceae,Archangium/1-212 violaceum,52.0
13801,>76857,Fusobacteriaceae,Fusobacterium/1-208 polymorphum,55.0
13897,>999894,Thermodesulfobacteriaceae,Thermosulfurimonas/1-213 dismutans,52.0
14000,>155615,Fusobacteriaceae,Fusobacterium/1-208 vincentii,55.0
14014,>795359,Thermodesulfobacteriaceae,Thermodesulfobacterium/1-212 geofontis,52.0
14049,>394095,Myxococcaceae,Pyxidicoccus/1-212 fallax,52.0
14052,>285729,Fusobacteriaceae,Fusobacterium/1-208 canifelinum,55.0
14091,>48,Archangiaceae,Archangium/1-212 gephyra,52.0
14152,>83455,Myxococcaceae,Myxococcus/1-212 stipitatus,52.0
14158,>1035120,Deferrisomataceae,Deferrisoma/1-212 camini,52.0
14164,>851,Fusobacteriaceae,Fusobacterium/1-208 nucleatum,55.0
14176,>851,Fusobacteriaceae,Fusobacterium/1-208 nucleatum,55.0
14193,>2821543,Fam_of_Chloracidobacterium,Chloracidobacterium/1-214 validum,52.0
14196,>2316736,Myxococcaceae,Corallococcus/1-216 exercitus,58.0
14204,>2906758,Myxococcaceae,Myxococcus/1-212 qinghaiensis,52.0
14220,>339722,Desulfohalobiaceae,Desulfovermiculus/1-208 halophilus,52.0
14259,>184914,Myxococcaceae,Corallococcus/1-215 coralloides,58.0
14312,>617002,Desulfonatronaceae,Desulfonatronum/1-209 thiosulfatophilum,52.0
14314,>851,Fusobacteriaceae,Fusobacterium/1-208 nucleatum,55.0
14329,>2316731,Myxococcaceae,Corallococcus/1-216 llansteffanensis,58.0
14357,>453230,Desulfarculaceae,Desulfarculus/1-210 baarsii,52.0
14359,>2316722,Myxococcaceae,Corallococcus/1-216 aberystwythensis,58.0
14384,>2697031,Myxococcaceae,Corallococcus/1-216 silvisoli,58.0
14400,>394096,Archangiaceae,Hyalangium/1-212 minutum,52.0
14401,>184914,Myxococcaceae,Corallococcus/1-216 coralloides,58.0
14419,>1297742,Myxococcaceae,Myxococcus/1-212 hansupus,52.0
14442,>2906761,Myxococcaceae,Myxococcus/1-212 dinghuensis,52.0
14482,>159290,Desulfonatronaceae,Desulfonatronum/1-209 thiodismutans,52.0
14485,>2316728,Myxococcaceae,Corallococcus/1-216 carmarthensis,58.0
14507,>2352,Flexistipitaceae,Flexistipes/1-205 sinusarabici,52.0
14513,>2709661,Myxococcaceae,Myxococcus/1-212 eversor,52.0
14517,>66849,Desulfonatronaceae,Desulfonatronum/1-209 lacustre,52.0
14523,>83462,Myxococcaceae,Corallococcus/1-215 exiguus,58.0
14556,>682562,Chrysiogenaceae,Desulfurispira/1-211 natronophila,52.0
14570,>2906760,Myxococcaceae,Myxococcus/1-212 guangdongensis,52.0
14597,>2590453,Myxococcaceae,Myxococcus/1-212 llanfairpwllgwyngyllgogerychwyrndrobwllllantysiliogogogochensis,52.0
14611,>206665,Desulfonauticaceae,Desulfonauticus/1-209 submarinus,52.0
14612,>1429043,Desulfarculaceae,Dethiosulfatarculus/1-211 sandiegensis,52.0
14635,>83456,Myxococcaceae,Myxococcus/1-212 virescens,52.0
14654,>33,Myxococcaceae,Myxococcus/1-212 fulvus,52.0
14669,>39841,Thermodesulforhabdaceae,Thermodesulforhabdus/1-213 norvegica,52.0
14670,>2316733,Myxococcaceae,Corallococcus/1-216 terminator,58.0
14677,>698827,Desulfonatronovibrionaceae,Desulfonatronovibrio/1-209 magnus,52.0
14696,>1936021,Thermodesulfobacteriaceae,Thermosulfuriphilus/1-211 ammonigenes,52.0
14707,>2709664,Myxococcaceae,Myxococcus/1-212 vastator,52.0
14712,>1505232,Chitinivibrionaceae,Chitinivibrio/1-215 alkaliphilus,57.0
14723,>2316728,Myxococcaceae,Corallococcus/1-212 carmarthensis,52.0
14725,>184914,Myxococcaceae,Corallococcus/1-216 coralloides,58.0
14727,>119484,Syntrophobacteraceae,Syntrophobacter/1-212 fumaroxidans,52.0
14735,>2709663,Myxococcaceae,Pyxidicoccus/1-212 caerfyrddinensis,52.0
14737,>37625,Geopsychrobacteraceae,Desulfuromusa/1-213 kysingii,52.0
14742,>52560,Desulfomicrobiaceae,Desulfomicrobium/1-208 apsheronum,52.0
14759,>43,Archangiaceae,Cystobacter/1-212 fuscus,52.0
14773,>2316736,Myxococcaceae,Corallococcus/1-212 exercitus,52.0
14777,>160661,Desulfobulbaceae,Desulfogranum/1-209 mediterraneum,52.0
14778,>34,Myxococcaceae,Myxococcus/1-212 xanthus,52.0
14779,>1294270,Archangiaceae,Melittangium/1-210 boletus,52.0
14783,>180163,Fusobacteriaceae,Cetobacterium/1-209 ceti,55.0
14790,>115781,Desulfobacteraceae,Desulfotignum/1-213 balticum,52.0
14794,>2709662,Myxococcaceae,Pyxidicoccus/1-211 trucidator,52.0
14804,>190898,Desulfobacteraceae,Desulfotignum/1-213 phosphitoxidans,52.0
14805,>2906759,Myxococcaceae,Pyxidicoccus/1-212 xibeiensis,52.0
14814,>84405,Hippeaceae,Hippea/1-213 maritima,52.0
14829,>1765737,Dissulfurirhabdaceae,Dissulfurirhabdus/1-212 thermomarina,52.0
14831,>309797,Chrysiogenaceae,Chrysiogenes/1-211 arsenatis,52.0
14834,>2865782,Syntrophobacteraceae,Desulfoferrobacter/1-216 suflitae,52.0
14835,>35,Myxococcaceae,Corallococcus/1-212 macrosporus,52.0
14851,>1279027,Hippeaceae,Hippea/1-213 alviniae,52.0
14853,>2710757,Myxococcaceae,Corallococcus/1-212 soli,52.0
14857,>2316733,Myxococcaceae,Corallococcus/1-212 terminator,52.0
14867,>936456,Chrysiogenaceae,Desulfurispirillum/1-211 indicum,52.0
14870,>2316726,Myxococcaceae,Corallococcus/1-212 sicarius,52.0
14878,>526222,Desulfovibrionaceae,Maridesulfovibrio/1-210 salexigens,52.0
14891,>899,Desulfomicrobiaceae,Desulfomicrobium/1-208 baculatum,52.0
14917,>2849499,Myxococcaceae,Citreicoccus/1-212 inhibens,52.0
14926,>48,Archangiaceae,Archangium/1-216 gephyra,58.0
14929,>147047,Desulfovibrionaceae,Humidesulfovibrio/1-209 mexicanus,53.0
14960,>2604158,Desulfovibrionaceae,Cupidesulfovibrio/1-209 liaohensis,52.0
14964,>2047767,Thermodesulfobacteriaceae,Thermosulfurimonas/1-210 marina,52.0
14970,>2316731,Myxococcaceae,Corallococcus/1-212 llansteffanensis,52.0
14973,>184914,Myxococcaceae,Corallococcus/1-212 coralloides,52.0
14985,>2718620,Desulfovibrionaceae,Desulfovibrio/1-210 subterraneus,52.0
14993,>1156395,Dissulfuribacteraceae,Dissulfuribacter/1-213 thermophilus,52.0
14994,>1615681,Acidobacteriaceae,Acidicapsa/1-212 acidisoli,52.0
14997,>184914,Myxococcaceae,Corallococcus/1-212 coralloides,52.0
15000,>2710757,Myxococcaceae,Corallococcus/1-216 soli,58.0
15010,>2771352,Geobacteraceae,Pelovirga/1-212 terrestris,52.0
15032,>42253,Nitrospiraceae,Nitrospira/1-211 moscoviensis,53.0
15048,>293256,Desulfovibrionaceae,Desulfohalovibrio/1-208 alkalitolerans,52.0
15054,>926566,Acidobacteriaceae,Terriglobus/1-211 roseus,52.0
15060,>1121453,Desulfovibrionaceae,Desulfovibrio/1-207 inopinatus,52.0
15064,>223786,Hydrogenimonadaceae,Hydrogenimonas/1-216 thermophila,53.0
15073,>1577686,Acidobacteriaceae,Silvibacterium/1-211 bohemicum,52.0
15088,>1750598,Fam_of_Dissulfurimicrobium,Dissulfurimicrobium/1-213 hydrothermale,52.0
15095,>231439,Desulfovibrionaceae,Pseudodesulfovibrio/1-208 portus,52.0
15096,>617001,Desulfonatronaceae,Desulfonatronum/1-209 thioautotrophicum,52.0
15100,>171695,Thermodesulfatatoraceae,Thermodesulfatator/1-212 indicus,52.0
15101,>1795632,Thermodesulfatatoraceae,Thermodesulfatator/1-212 autotrophicus,52.0
15107,>83449,Archangiaceae,Cystobacter/1-212 ferrugineus,52.0
15116,>83462,Myxococcaceae,Corallococcus/1-212 exiguus,52.0
15126,>1519643,Desulfovibrionaceae,Desulfovibrio/1-208 gilichinskyi,52.0
15171,>83449,Archangiaceae,Cystobacter/1-218 ferrugineus,58.0
15255,>1227950,Sphingomonadaceae,Sphingomicrobium/1-211 marinum,53.0
15438,>658062,Acidobacteriaceae,Candidatus/1-210 Koribacter versatilis,52.0
16654,>213224,Geothermobacteraceae,Geothermobacter/1-213 ehrlichii,52.0
17058,>1434071,Idiomarinaceae,Aliidiomarina/1-221 iranensis,65.0
17107,>419481,Desulfolunaceae,Desulfoluna/1-214 spongiiphila,52.0
17148,>2899784,Vibrionaceae,Vibrio/1-215 salinus,65.0
17276,>218208,Desulfatibacillaceae,Desulfatibacillum/1-213 aliphaticivorans,52.0
17304,>182262,Alteromonadaceae,Agarivorans/1-220 albus,65.0
17314,>1510455,Alteromonadaceae,Agarivorans/1-220 litoreus,65.0
19003,>293256,Desulfovibrionaceae,Desulfohalovibrio/1-216 alkalitolerans,52.0
19159,>39841,Thermodesulforhabdaceae,Thermodesulforhabdus/1-216 norvegica,52.0
19273,>2661613,Desulfovibrionaceae,Pseudodesulfovibrio/1-216 alkaliphilus,52.0
19307,>148813,Sulfurimonadaceae,Sulfuricurvum/1-220 kujiense,53.0
19354,>610254,Syntrophobacteraceae,Desulfosoma/1-215 caldarium,52.0
19442,>81947,Enterococcaceae,Vagococcus/1-213 lutrae,52.0
19459,>39766,Sulfurimonadaceae,Sulfurimonas/1-221 denitrificans,53.0
19466,>79269,Desulfurellaceae,Desulfurella/1-215 multipotens,52.0
19480,>35837,Syntrophobacteraceae,Desulfacinum/1-215 infernum,52.0
19539,>641491,Desulfovibrionaceae,Pseudodesulfovibrio/1-218 mercurii,52.0
19543,>879,Desulfovibrionaceae,Megalodesulfovibrio/1-212 gigas,52.0
19585,>488939,Desulfonatronovibrionaceae,Desulfonatronospira/1-217 thiodismutans,52.0
19587,>526222,Desulfovibrionaceae,Maridesulfovibrio/1-213 salexigens,52.0
19597,>2706014,Nitratiruptoraceae,Nitrosophilus/1-221 labii,53.0
19601,>2590022,Sulfurimonadaceae,Sulfurimonas/1-221 lithotrophica,53.0
19655,>1578720,Helicobacteraceae,Helicobacter/1-219 ailurogastricus,53.0
19657,>200,Campylobacteraceae,Campylobacter/1-221 curvus,53.0
19688,>1592317,Desulfoplanaceae,Desulfoplanes/1-216 formicivorans,52.0
19701,>191026,Desulfovibrionaceae,Maridesulfovibrio/1-213 hydrothermalis,52.0
19716,>126333,Desulfovibrionaceae,Halodesulfovibrio/1-217 aestuarii,52.0
19745,>246191,Desulfovibrionaceae,Maridesulfovibrio/1-213 ferrireducens,52.0
19747,>1562698,Desulfurellaceae,Desulfurella/1-215 amilsii,52.0
19756,>295255,Desulfovibrionaceae,Solidesulfovibrio/1-217 aerotolerans,52.0
19764,>332249,Trueperaceae,Truepera/1-219 radiovictrix,59.0
19784,>852,Fusobacteriaceae,Fusobacterium/1-212 perfoetens,55.0
19787,>119484,Syntrophobacteraceae,Syntrophobacter/1-220 fumaroxidans,52.0
19800,>1560234,Desulfovibrionaceae,Halodesulfovibrio/1-217 spirochaetisodalis,52.0
19813,>182210,Desulfovibrionaceae,Pseudodesulfovibrio/1-216 aespoeensis,52.0
19823,>449520,Campylobacteraceae,Campylobacter/1-217 canadensis,53.0
19826,>1307759,Desulfovibrionaceae,Desulfohalovibrio/1-212 reitneri,52.0
19849,>2718620,Desulfovibrionaceae,Desulfovibrio/1-217 subterraneus,52.0
19857,>63561,Desulfovibrionaceae,Desulfovibrio/1-213 sulfodismutans,52.0
19925,>1519643,Desulfovibrionaceae,Desulfovibrio/1-216 gilichinskyi,52.0
19926,>81425,Desulfovibrionaceae,Desulfovibrio/1-212 aminophilus,52.0
19927,>231439,Desulfovibrionaceae,Pseudodesulfovibrio/1-216 portus,52.0
19935,>45663,Desulfohalobiaceae,Desulfohalobium/1-213 retbaense,52.0
19939,>340956,Desulfovibrionaceae,Maridesulfovibrio/1-213 frigidus,52.0
19947,>53424,Thermodesulfobacteriaceae,Thermodesulfobacterium/1-218 hveragerdense,52.0
19953,>1391654,Labilitrichaceae,Labilithrix/1-213 luteola,52.0
19991,>617001,Desulfonatronaceae,Desulfonatronum/1-217 thioautotrophicum,52.0
20053,>2773299,Desulfovibrionaceae,Desulfolutivibrio/1-217 sulfoxidireducens,52.0
20128,>345370,Desulfovibrionaceae,Solidesulfovibrio/1-217 carbinoliphilus,52.0
20163,>57320,Desulfovibrionaceae,Pseudodesulfovibrio/1-218 profundus,52.0
20164,>878,Desulfovibrionaceae,Solidesulfovibrio/1-217 fructosivorans,52.0
